"Kod";"Nazwa";"przeciętna miesięczna liczba rodzin otrzymujących świadczenie wychowawcze w okresie od 1 stycznia 2019 do 30 czerwca 2019;2019;[-]";
0000000;"POLSKA";2394602;
0200000;"DOLNOŚLĄSKIE";158242;
0201000;"Powiat bolesławiecki";5058;
0201011;"Bolesławiec (1)";1909;
0201022;"Bolesławiec (2)";881;
0201032;"Gromadka (2)";286;
0201043;"Nowogrodziec (3)";924;
0201052;"Osiecznica (2)";475;
0201062;"Warta Bolesławiecka (2)";584;
0202000;"Powiat dzierżoniowski";5318;
0202011;"Bielawa (1)";1494;
0202021;"Dzierżoniów (1)";1672;
0202033;"Pieszyce (3)";528;
0202041;"Piława Górna (1)";359;
0202052;"Dzierżoniów (2)";561;
0202062;"Łagiewniki (2)";424;
0202073;"Niemcza (3)";281;
0203000;"Powiat głogowski";5226;
0203011;"Głogów (1)";3628;
0203022;"Głogów (2)";512;
0203032;"Jerzmanowa (2)";402;
0203042;"Kotla (2)";297;
0203052;"Pęcław (2)";155;
0203062;"Żukowice (2)";233;
0204000;"Powiat górowski";2334;
0204013;"Góra (3)";1311;
0204022;"Jemielno (2)";219;
0204032;"Niechlów (2)";307;
0204043;"Wąsosz (3)";497;
0205000;"Powiat jaworski";2714;
0205011;"Jawor (1)";1122;
0205023;"Bolków (3)";557;
0205032;"Męcinka (2)";307;
0205042;"Mściwojów (2)";227;
0205052;"Paszowice (2)";248;
0205062;"Wądroże Wielkie (2)";254;
0206000;"Powiat jeleniogórski";3244;
0206011;"Karpacz (1)";180;
0206021;"Kowary (1)";538;
0206031;"Piechowice (1)";296;
0206041;"Szklarska Poręba (1)";253;
0206052;"Janowice Wielkie (2)";220;
0206062;"Jeżów Sudecki (2)";448;
0206072;"Mysłakowice (2)";548;
0206082;"Podgórzyn (2)";453;
0206092;"Stara Kamienica (2)";310;
0207000;"Powiat kamiennogórski";2049;
0207011;"Kamienna Góra (1)";862;
0207022;"Kamienna Góra (2)";546;
0207033;"Lubawka (3)";405;
0207042;"Marciszów (2)";236;
0208000;"Powiat kłodzki";7206;
0208011;"Duszniki-Zdrój (1)";184;
0208021;"Kłodzko (1)";1218;
0208031;"Kudowa-Zdrój (1)";373;
0208041;"Nowa Ruda (1)";859;
0208051;"Polanica-Zdrój (1)";255;
0208063;"Bystrzyca Kłodzka (3)";900;
0208072;"Kłodzko (2)";964;
0208083;"Lądek-Zdrój (3)";372;
0208092;"Lewin Kłodzki (2)";89;
0208103;"Międzylesie (3)";299;
0208112;"Nowa Ruda (2)";547;
0208123;"Radków (3)";420;
0208133;"Stronie Śląskie (3)";369;
0208143;"Szczytna (3)";359;
0209000;"Powiat legnicki";3426;
0209011;"Chojnów (1)";726;
0209022;"Chojnów (2)";617;
0209032;"Krotoszyce (2)";209;
0209042;"Kunice (2)";492;
0209052;"Legnickie Pole (2)";307;
0209062;"Miłkowice (2)";427;
0209073;"Prochowice (3)";496;
0209082;"Ruja (2)";153;
0210000;"Powiat lubański";2537;
0210011;"Lubań (1)";837;
0210021;"Świeradów-Zdrój (1)";196;
0210033;"Leśna (3)";509;
0210042;"Lubań (2)";376;
0210053;"Olszyna (3)";323;
0210062;"Platerówka (2)";69;
0210072;"Siekierczyn (2)";228;
0211000;"Powiat lubiński";6063;
0211011;"Lubin (1)";3812;
0211022;"Lubin (2)";1154;
0211032;"Rudna (2)";526;
0211043;"Ścinawa (3)";571;
0212000;"Powiat lwówecki";2316;
0212013;"Gryfów Śląski (3)";437;
0212023;"Lubomierz (3)";332;
0212033;"Lwówek Śląski (3)";875;
0212043;"Mirsk (3)";453;
0212053;"Wleń (3)";219;
0213000;"Powiat milicki";2582;
0213012;"Cieszków (2)";355;
0213022;"Krośnice (2)";531;
0213033;"Milicz (3)";1696;
0214000;"Powiat oleśnicki";6967;
0214011;"Oleśnica (1)";2136;
0214023;"Bierutów (3)";568;
0214032;"Dobroszyce (2)";468;
0214042;"Dziadowa Kłoda (2)";376;
0214053;"Międzybórz (3)";364;
0214062;"Oleśnica (2)";1042;
0214073;"Syców (3)";1167;
0214083;"Twardogóra (3)";846;
0215000;"Powiat oławski";4645;
0215011;"Oława (1)";1830;
0215022;"Domaniów (2)";328;
0215033;"Jelcz-Laskowice (3)";1458;
0215042;"Oława (2)";1030;
0216000;"Powiat polkowicki";3958;
0216013;"Chocianów (3)";778;
0216022;"Gaworzyce (2)";261;
0216032;"Grębocice (2)";379;
0216043;"Polkowice (3)";1752;
0216053;"Przemków (3)";468;
0216062;"Radwanice (2)";321;
0217000;"Powiat strzeliński";2596;
0217012;"Borów (2)";300;
0217022;"Kondratowice (2)";297;
0217032;"Przeworno (2)";266;
0217043;"Strzelin (3)";1270;
0217053;"Wiązów (3)";463;
0218000;"Powiat średzki";3454;
0218012;"Kostomłoty (2)";439;
0218022;"Malczyce (2)";308;
0218032;"Miękinia (2)";1248;
0218043;"Środa Śląska (3)";1175;
0218052;"Udanin (2)";283;
0219000;"Powiat świdnicki";8379;
0219011;"Świdnica (1)";2703;
0219021;"Świebodzice (1)";1117;
0219032;"Dobromierz (2)";309;
0219043;"Jaworzyna Śląska (3)";571;
0219052;"Marcinowice (2)";390;
0219063;"Strzegom (3)";1486;
0219072;"Świdnica (2)";1095;
0219083;"Żarów (3)";710;
0220000;"Powiat trzebnicki";5684;
0220013;"Oborniki Śląskie (3)";1291;
0220023;"Prusice (3)";657;
0220033;"Trzebnica (3)";1662;
0220042;"Wisznia Mała (2)";749;
0220052;"Zawonia (2)";398;
0220063;"Żmigród (3)";928;
0221000;"Powiat wałbrzyski";2766;
0221011;"Boguszów-Gorce (1)";752;
0221021;"Jedlina-Zdrój (1)";263;
0221031;"Szczawno-Zdrój (1)";253;
0221042;"Czarny Bór (2)";280;
0221053;"Głuszyca (3)";413;
0221063;"Mieroszów (3)";254;
0221072;"Stare Bogaczowice (2)";243;
0221082;"Walim (2)";307;
0222000;"Powiat wołowski";2655;
0222013;"Brzeg Dolny (3)";890;
0222022;"Wińsko (2)";499;
0222033;"Wołów (3)";1266;
0223000;"Powiat wrocławski";11680;
0223012;"Czernica (2)";1363;
0223022;"Długołęka (2)";2710;
0223032;"Jordanów Śląski (2)";206;
0223043;"Kąty Wrocławskie (3)";1870;
0223052;"Kobierzyce (2)";1792;
0223062;"Mietków (2)";254;
0223073;"Sobótka (3)";775;
0223083;"Siechnice (3)";1830;
0223092;"Żórawina (2)";879;
0224000;"Powiat ząbkowicki";3495;
0224013;"Bardo (3)";272;
0224022;"Ciepłowody (2)";204;
0224032;"Kamieniec Ząbkowicki (2)";423;
0224042;"Stoszowice (2)";307;
0224053;"Ząbkowice Śląskie (3)";1164;
0224063;"Ziębice (3)";911;
0224073;"Złoty Stok (3)";214;
0225000;"Powiat zgorzelecki";3576;
0225011;"Zawidów (1)";120;
0225021;"Zgorzelec (1)";1029;
0225033;"Bogatynia (3)";949;
0225043;"Pieńsk (3)";435;
0225052;"Sulików (2)";254;
0225063;"Węgliniec (3)";406;
0225072;"Zgorzelec (2)";383;
0226000;"Powiat złotoryjski";2413;
0226011;"Wojcieszów (1)";208;
0226021;"Złotoryja (1)";732;
0226032;"Pielgrzymka (2)";281;
0226043;"Świerzawa (3)";457;
0226052;"Zagrodno (2)";282;
0226062;"Złotoryja (2)";452;
0261000;"Powiat m.Jelenia Góra";3640;
0261011;"Jelenia Góra (1)";3640;
0262000;"Powiat m.Legnica";5282;
0262011;"Legnica (1)";5282;
0264000;"Powiat m.Wrocław";31926;
0264011;"Wrocław (1)";31926;
0265000;"Powiat m.Wałbrzych od 2013";5054;
0265011;"Wałbrzych od 2013 (1)";5054;
0400000;"KUJAWSKO-POMORSKIE";130076;
0401000;"Powiat aleksandrowski";3584;
0401011;"Aleksandrów Kujawski (1)";739;
0401021;"Ciechocinek (1)";551;
0401031;"Nieszawa (1)";102;
0401042;"Aleksandrów Kujawski (2)";892;
0401052;"Bądkowo (2)";282;
0401062;"Koneck (2)";236;
0401072;"Raciążek (2)";205;
0401082;"Waganiec (2)";332;
0401092;"Zakrzewo (2)";246;
0402000;"Powiat brodnicki";5760;
0402011;"Brodnica (1)";1971;
0402022;"Bobrowo (2)";433;
0402032;"Brodnica (2)";740;
0402042;"Brzozie (2)";315;
0402053;"Górzno (3)";274;
0402062;"Bartniczka (2)";377;
0402073;"Jabłonowo Pomorskie (3)";598;
0402082;"Osiek (2)";262;
0402092;"Świedziebnia (2)";419;
0402102;"Zbiczno (2)";372;
0403000;"Powiat bydgoski";8433;
0403012;"Białe Błota (2)";1765;
0403022;"Dąbrowa Chełmińska (2)";610;
0403032;"Dobrcz (2)";871;
0403043;"Koronowo (3)";1651;
0403052;"Nowa Wieś Wielka (2)";660;
0403062;"Osielsko (2)";1113;
0403072;"Sicienko (2)";728;
0403083;"Solec Kujawski (3)";1036;
0404000;"Powiat chełmiński";3430;
0404011;"Chełmno (1)";1115;
0404022;"Chełmno (2)";457;
0404032;"Kijewo Królewskie (2)";308;
0404042;"Lisewo (2)";353;
0404052;"Papowo Biskupie (2)";309;
0404062;"Stolno (2)";370;
0404072;"Unisław (2)";520;
0405000;"Powiat golubsko-dobrzyński";3202;
0405011;"Golub-Dobrzyń (1)";790;
0405022;"Ciechocin (2)";299;
0405032;"Golub-Dobrzyń (2)";676;
0405043;"Kowalewo Pomorskie (3)";802;
0405052;"Radomin (2)";289;
0405062;"Zbójno (2)";346;
0406000;"Powiat grudziądzki";2980;
0406012;"Grudziądz (2)";945;
0406022;"Gruta (2)";459;
0406033;"Łasin (3)";587;
0406043;"Radzyń Chełmiński (3)";346;
0406052;"Rogóźno (2)";327;
0406062;"Świecie nad Osą (2)";317;
0407000;"Powiat inowrocławski";9680;
0407011;"Inowrocław (1)";4019;
0407022;"Dąbrowa Biskupia (2)";409;
0407033;"Gniewkowo (3)";914;
0407042;"Inowrocław (2)";821;
0407053;"Janikowo (3)";777;
0407063;"Kruszwica (3)";1172;
0407073;"Pakość (3)";671;
0407082;"Rojewo (2)";341;
0407092;"Złotniki Kujawskie (2)";558;
0408000;"Powiat lipnowski";4956;
0408011;"Lipno (1)";925;
0408022;"Bobrowniki (2)";225;
0408032;"Chrostkowo (2)";218;
0408043;"Dobrzyń nad Wisłą (3)";584;
0408052;"Kikół (2)";511;
0408062;"Lipno (2)";939;
0408073;"Skępe (3)";596;
0408082;"Tłuchowo (2)";400;
0408092;"Wielgie (2)";559;
0409000;"Powiat mogileński";2903;
0409012;"Dąbrowa (2)";346;
0409022;"Jeziora Wielkie (2)";302;
0409033;"Mogilno (3)";1512;
0409043;"Strzelno (3)";743;
0410000;"Powiat nakielski";5914;
0410013;"Kcynia (3)";957;
0410023;"Mrocza (3)";648;
0410033;"Nakło nad Notecią (3)";2015;
0410042;"Sadki (2)";536;
0410053;"Szubin (3)";1758;
0411000;"Powiat radziejowski";2738;
0411011;"Radziejów (1)";324;
0411022;"Bytoń (2)";248;
0411032;"Dobre (2)";343;
0411042;"Osięciny (2)";514;
0411053;"Piotrków Kujawski (3)";647;
0411062;"Radziejów (2)";311;
0411072;"Topólka (2)";351;
0412000;"Powiat rypiński";3171;
0412011;"Rypin (1)";1112;
0412022;"Brzuze (2)";378;
0412032;"Rogowo (2)";382;
0412042;"Rypin (2)";560;
0412052;"Skrwilno (2)";463;
0412062;"Wąpielsk (2)";276;
0413000;"Powiat sępoleński";2592;
0413013;"Kamień Krajeński (3)";435;
0413023;"Sępólno Krajeńskie (3)";994;
0413032;"Sośno (2)";353;
0413043;"Więcbork (3)";811;
0414000;"Powiat świecki";6674;
0414012;"Bukowiec (2)";387;
0414022;"Dragacz (2)";488;
0414032;"Drzycim (2)";364;
0414042;"Jeżewo (2)";565;
0414052;"Lniano (2)";314;
0414063;"Nowe (3)";624;
0414072;"Osie (2)";387;
0414082;"Pruszcz (2)";666;
0414093;"Świecie (3)";2196;
0414102;"Świekatowo (2)";245;
0414112;"Warlubie (2)";439;
0415000;"Powiat toruński";8157;
0415011;"Chełmża (1)";929;
0415022;"Chełmża (2)";730;
0415032;"Czernikowo (2)";668;
0415042;"Lubicz (2)";1494;
0415052;"Łubianka (2)";571;
0415062;"Łysomice (2)";769;
0415072;"Obrowo (2)";1530;
0415082;"Wielka Nieszawka (2)";333;
0415092;"Zławieś Wielka (2)";1135;
0416000;"Powiat tucholski";3499;
0416012;"Cekcyn (2)";534;
0416022;"Gostycyn (2)";374;
0416032;"Kęsowo (2)";320;
0416042;"Lubiewo (2)";465;
0416052;"Śliwice (2)";439;
0416063;"Tuchola (3)";1369;
0417000;"Powiat wąbrzeski";2235;
0417011;"Wąbrzeźno (1)";854;
0417022;"Dębowa Łąka (2)";214;
0417032;"Książki (2)";258;
0417042;"Płużnica (2)";336;
0417052;"Ryńsk (2)";574;
0418000;"Powiat włocławski";5592;
0418011;"Kowal (1)";203;
0418022;"Baruchowo (2)";255;
0418032;"Boniewo (2)";236;
0418043;"Brześć Kujawski (3)";715;
0418052;"Choceń (2)";535;
0418063;"Chodecz (3)";380;
0418072;"Fabianki (2)";679;
0418083;"Izbica Kujawska (3)";494;
0418092;"Kowal (2)";270;
0418102;"Lubanie (2)";287;
0418113;"Lubień Kujawski (3)";472;
0418123;"Lubraniec (3)";589;
0418132;"Włocławek (2)";481;
0419000;"Powiat żniński";4756;
0419013;"Barcin (3)";953;
0419022;"Gąsawa (2)";348;
0419033;"Janowiec Wielkopolski (3)";627;
0419043;"Łabiszyn (3)";760;
0419052;"Rogowo (2)";498;
0419063;"Żnin (3)";1571;
0461000;"Powiat m.Bydgoszcz";17834;
0461011;"Bydgoszcz (1)";17834;
0462000;"Powiat m.Grudziądz";5585;
0462011;"Grudziądz (1)";5585;
0463000;"Powiat m.Toruń";10834;
0463011;"Toruń (1)";10834;
0464000;"Powiat m.Włocławek";5566;
0464011;"Włocławek (1)";5566;
0600000;"LUBELSKIE";136134;
0601000;"Powiat bialski";7874;
0601011;"Międzyrzec Podlaski (1)";1123;
0601021;"Terespol (1)";324;
0601032;"Biała Podlaska (2)";1173;
0601042;"Drelów (2)";423;
0601052;"Janów Podlaski (2)";333;
0601062;"Kodeń (2)";197;
0601072;"Konstantynów (2)";322;
0601082;"Leśna Podlaska (2)";306;
0601092;"Łomazy (2)";323;
0601102;"Międzyrzec Podlaski (2)";851;
0601112;"Piszczac (2)";554;
0601122;"Rokitno (2)";207;
0601132;"Rossosz (2)";166;
0601142;"Sławatycze (2)";164;
0601152;"Sosnówka (2)";147;
0601162;"Terespol (2)";427;
0601172;"Tuczna (2)";188;
0601182;"Wisznice (2)";319;
0601192;"Zalesie (2)";327;
0602000;"Powiat biłgorajski";6818;
0602011;"Biłgoraj (1)";1646;
0602022;"Aleksandrów (2)";255;
0602032;"Biłgoraj (2)";1049;
0602042;"Biszcza (2)";278;
0602053;"Frampol (3)";381;
0602062;"Goraj (2)";249;
0602073;"Józefów (3)";392;
0602082;"Księżpol (2)";554;
0602092;"Łukowa (2)";301;
0602102;"Obsza (2)";309;
0602112;"Potok Górny (2)";335;
0602123;"Tarnogród (3)";491;
0602132;"Tereszpol (2)";239;
0602142;"Turobin (2)";341;
0603000;"Powiat chełmski";5133;
0603011;"Rejowiec Fabryczny (1)";248;
0603022;"Białopole (2)";170;
0603032;"Chełm (2)";1034;
0603042;"Dorohusk (2)";399;
0603052;"Dubienka (2)";123;
0603062;"Kamień (2)";301;
0603072;"Leśniowice (2)";270;
0603082;"Rejowiec Fabryczny (2)";292;
0603092;"Ruda-Huta (2)";299;
0603102;"Sawin (2)";386;
0603113;"Siedliszcze (3)";489;
0603122;"Wierzbica (2)";310;
0603132;"Wojsławice (2)";218;
0603142;"Żmudź (2)";207;
0603153;"Rejowiec (3)";388;
0604000;"Powiat hrubieszowski";3599;
0604011;"Hrubieszów (1)";971;
0604022;"Dołhobyczów (2)";277;
0604032;"Horodło (2)";323;
0604042;"Hrubieszów (2)";629;
0604052;"Mircze (2)";340;
0604062;"Trzeszczany (2)";229;
0604072;"Uchanie (2)";280;
0604082;"Werbkowice (2)";550;
0605000;"Powiat janowski";2945;
0605012;"Batorz (2)";240;
0605022;"Chrzanów (2)";196;
0605032;"Dzwola (2)";437;
0605042;"Godziszów (2)";350;
0605053;"Janów Lubelski (3)";994;
0605063;"Modliborzyce (3)";427;
0605072;"Potok Wielki (2)";301;
0606000;"Powiat krasnostawski";3482;
0606011;"Krasnystaw (1)";925;
0606022;"Fajsławice (2)";279;
0606032;"Gorzków (2)";169;
0606042;"Izbica (2)";524;
0606052;"Krasnystaw (2)";481;
0606062;"Kraśniczyn (2)";184;
0606072;"Łopiennik Górny (2)";240;
0606092;"Rudnik (2)";168;
0606102;"Siennica Różana (2)";222;
0606112;"Żółkiewka (2)";291;
0607000;"Powiat kraśnicki";5781;
0607011;"Kraśnik (1)";1765;
0607023;"Annopol (3)";564;
0607032;"Dzierzkowice (2)";343;
0607042;"Gościeradów (2)";471;
0607052;"Kraśnik (2)";470;
0607062;"Szastarka (2)";393;
0607072;"Trzydnik Duży (2)";386;
0607083;"Urzędów (3)";585;
0607092;"Wilkołaz (2)";394;
0607102;"Zakrzówek (2)";410;
0608000;"Powiat lubartowski";6192;
0608011;"Lubartów (1)";1319;
0608022;"Abramów (2)";287;
0608032;"Firlej (2)";449;
0608042;"Jeziorzany (2)";201;
0608052;"Kamionka (2)";509;
0608063;"Kock (3)";452;
0608072;"Lubartów (2)";901;
0608082;"Michów (2)";409;
0608092;"Niedźwiada (2)";481;
0608103;"Ostrów Lubelski (3)";323;
0608112;"Ostrówek (2)";304;
0608122;"Serniki (2)";341;
0608132;"Uścimów (2)";218;
0609000;"Powiat lubelski";11461;
0609013;"Bełżyce (3)";906;
0609022;"Borzechów (2)";261;
0609033;"Bychawa (3)";728;
0609042;"Garbów (2)";694;
0609052;"Głusk (2)";1054;
0609062;"Jabłonna (2)";564;
0609072;"Jastków (2)";1047;
0609082;"Konopnica (2)";1110;
0609092;"Krzczonów (2)";252;
0609102;"Niedrzwica Duża (2)";921;
0609112;"Niemce (2)";1505;
0609122;"Strzyżewice (2)";565;
0609132;"Wojciechów (2)";447;
0609142;"Wólka (2)";1016;
0609152;"Wysokie (2)";232;
0609162;"Zakrzew (2)";159;
0610000;"Powiat łęczyński";3993;
0610012;"Cyców (2)";604;
0610022;"Ludwin (2)";468;
0610033;"Łęczna (3)";1464;
0610042;"Milejów (2)";593;
0610052;"Puchaczów (2)";434;
0610062;"Spiczyn (2)";431;
0611000;"Powiat łukowski";8590;
0611011;"Łuków (1)";2103;
0611021;"Stoczek Łukowski (1)";176;
0611032;"Adamów (2)";428;
0611042;"Krzywda (2)";901;
0611052;"Łuków (2)";1671;
0611062;"Serokomla (2)";300;
0611072;"Stanin (2)";865;
0611082;"Stoczek Łukowski (2)";586;
0611092;"Trzebieszów (2)";608;
0611102;"Wojcieszków (2)";595;
0611112;"Wola Mysłowska (2)";358;
0612000;"Powiat opolski";4181;
0612012;"Chodel (2)";547;
0612023;"Józefów nad Wisłą (3)";499;
0612032;"Karczmiska (2)";371;
0612042;"Łaziska (2)";338;
0612053;"Opole Lubelskie (3)";1228;
0612063;"Poniatowa (3)";861;
0612072;"Wilków (2)";338;
0613000;"Powiat parczewski";2361;
0613012;"Dębowa Kłoda (2)";312;
0613022;"Jabłoń (2)";241;
0613032;"Milanów (2)";286;
0613043;"Parczew (3)";980;
0613052;"Podedwórze (2)";99;
0613062;"Siemień (2)";292;
0613072;"Sosnowica (2)";150;
0614000;"Powiat puławski";6839;
0614011;"Puławy (1)";2626;
0614022;"Baranów (2)";234;
0614032;"Janowiec (2)";243;
0614043;"Kazimierz Dolny (3)";382;
0614052;"Końskowola (2)";603;
0614062;"Kurów (2)";519;
0614072;"Markuszów (2)";221;
0614083;"Nałęczów (3)";531;
0614092;"Puławy (2)";781;
0614102;"Wąwolnica (2)";289;
0614112;"Żyrzyn (2)";411;
0615000;"Powiat radzyński";4283;
0615011;"Radzyń Podlaski (1)";1009;
0615022;"Borki (2)";493;
0615032;"Czemierniki (2)";321;
0615042;"Kąkolewnica (2)";612;
0615052;"Komarówka Podlaska (2)";272;
0615062;"Radzyń Podlaski (2)";646;
0615072;"Ulan-Majorat (2)";485;
0615082;"Wohyń (2)";446;
0616000;"Powiat rycki";3729;
0616011;"Dęblin (1)";879;
0616022;"Kłoczew (2)";608;
0616032;"Nowodwór (2)";331;
0616043;"Ryki (3)";1390;
0616052;"Stężyca (2)";337;
0616062;"Ułęż (2)";185;
0617000;"Powiat świdnicki";4393;
0617011;"Świdnik (1)";2231;
0617022;"Mełgiew (2)";696;
0617033;"Piaski (3)";668;
0617042;"Rybczewice (2)";215;
0617052;"Trawniki (2)";584;
0618000;"Powiat tomaszowski";5008;
0618011;"Tomaszów Lubelski (1)";1101;
0618022;"Bełżec (2)";205;
0618032;"Jarczów (2)";212;
0618042;"Krynice (2)";207;
0618053;"Lubycza Królewska (3)";355;
0618063;"Łaszczów (3)";320;
0618072;"Rachanie (2)";293;
0618082;"Susiec (2)";452;
0618092;"Tarnawatka (2)";297;
0618102;"Telatyn (2)";214;
0618112;"Tomaszów Lubelski (2)";791;
0618123;"Tyszowce (3)";323;
0618132;"Ulhówek (2)";238;
0619000;"Powiat włodawski";2528;
0619011;"Włodawa (1)";806;
0619022;"Hanna (2)";180;
0619032;"Hańsk (2)";259;
0619042;"Stary Brus (2)";157;
0619052;"Urszulin (2)";327;
0619062;"Włodawa (2)";380;
0619072;"Wola Uhruska (2)";239;
0619082;"Wyryki (2)";181;
0620000;"Powiat zamojski";6632;
0620012;"Adamów (2)";289;
0620022;"Grabowiec (2)";219;
0620032;"Komarów-Osada (2)";307;
0620043;"Krasnobród (3)";463;
0620052;"Łabunie (2)";427;
0620062;"Miączyn (2)";351;
0620072;"Nielisz (2)";333;
0620082;"Radecznica (2)";295;
0620092;"Sitno (2)";418;
0620102;"Skierbieszów (2)";302;
0620112;"Stary Zamość (2)";349;
0620122;"Sułów (2)";257;
0620133;"Szczebrzeszyn (3)";670;
0620142;"Zamość (2)";1604;
0620153;"Zwierzyniec (3)";347;
0661000;"Powiat m.Biała Podlaska";3868;
0661011;"Biała Podlaska (1)";3868;
0662000;"Powiat m.Chełm";3397;
0662011;"Chełm (1)";3397;
0663000;"Powiat m.Lublin";19447;
0663011;"Lublin (1)";19447;
0664000;"Powiat m.Zamość";3602;
0664011;"Zamość (1)";3602;
0800000;"LUBUSKIE";58452;
0801000;"Powiat gorzowski";4614;
0801011;"Kostrzyn nad Odrą (1)";1013;
0801022;"Bogdaniec (2)";458;
0801032;"Deszczno (2)";698;
0801042;"Kłodawa (2)";634;
0801052;"Lubiszyn (2)";450;
0801062;"Santok (2)";584;
0801073;"Witnica (3)";777;
0802000;"Powiat krośnieński";2801;
0802011;"Gubin (1)";781;
0802022;"Bobrowice (2)";148;
0802032;"Bytnica (2)";146;
0802042;"Dąbie (2)";296;
0802052;"Gubin (2)";376;
0802063;"Krosno Odrzańskie (3)";907;
0802072;"Maszewo (2)";147;
0803000;"Powiat międzyrzecki";3438;
0803012;"Bledzew (2)";255;
0803023;"Międzyrzecz (3)";1472;
0803032;"Przytoczna (2)";352;
0803042;"Pszczew (2)";271;
0803053;"Skwierzyna (3)";687;
0803063;"Trzciel (3)";401;
0804000;"Powiat nowosolski";5027;
0804011;"Nowa Sól (1)";1936;
0804023;"Bytom Odrzański (3)";330;
0804032;"Kolsko (2)";215;
0804043;"Kożuchów (3)";990;
0804052;"Nowa Sól (2)";479;
0804063;"Nowe Miasteczko (3)";359;
0804073;"Otyń (3)";460;
0804082;"Siedlisko (2)";257;
0805000;"Powiat słubicki";2396;
0805013;"Cybinka (3)";327;
0805022;"Górzyca (2)";246;
0805033;"Ośno Lubuskie (3)";399;
0805043;"Rzepin (3)";527;
0805053;"Słubice (3)";897;
0806000;"Powiat strzelecko-drezdenecki";3124;
0806013;"Dobiegniew (3)";403;
0806023;"Drezdenko (3)";1121;
0806032;"Stare Kurowo (2)";271;
0806043;"Strzelce Krajeńskie (3)";1027;
0806052;"Zwierzyn (2)";302;
0807000;"Powiat sulęciński";2047;
0807012;"Krzeszyce (2)";300;
0807023;"Lubniewice (3)";137;
0807032;"Słońsk (2)";304;
0807043;"Sulęcin (3)";904;
0807053;"Torzym (3)";402;
0808000;"Powiat świebodziński";3280;
0808012;"Lubrza (2)";220;
0808022;"Łagów (2)";249;
0808032;"Skąpe (2)";287;
0808042;"Szczaniec (2)";226;
0808053;"Świebodzin (3)";1830;
0808063;"Zbąszynek (3)";470;
0809000;"Powiat zielonogórski";4633;
0809013;"Babimost (3)";337;
0809022;"Bojadła (2)";193;
0809033;"Czerwieńsk (3)";663;
0809043;"Kargowa (3)";393;
0809053;"Nowogród Bobrzański (3)";536;
0809063;"Sulechów (3)";1558;
0809072;"Świdnica (2)";414;
0809082;"Trzebiechów (2)";247;
0809092;"Zabór (2)";293;
0810000;"Powiat żagański";4449;
0810011;"Gozdnica (1)";167;
0810021;"Żagań (1)";1356;
0810032;"Brzeźnica (2)";251;
0810043;"Iłowa (3)";383;
0810053;"Małomice (3)";299;
0810062;"Niegosławice (2)";315;
0810073;"Szprotawa (3)";1143;
0810082;"Wymiarki (2)";106;
0810092;"Żagań (2)";431;
0811000;"Powiat żarski";5144;
0811011;"Łęknica (1)";116;
0811021;"Żary (1)";1995;
0811032;"Brody (2)";194;
0811043;"Jasień (3)";375;
0811052;"Lipinki Łużyckie (2)";202;
0811063;"Lubsko (3)";970;
0811072;"Przewóz (2)";163;
0811082;"Trzebiel (2)";230;
0811092;"Tuplice (2)";149;
0811102;"Żary (2)";751;
0812000;"Powiat wschowski";2691;
0812013;"Sława (3)";933;
0812023;"Szlichtyngowa (3)";338;
0812033;"Wschowa (3)";1419;
0861000;"Powiat m.Gorzów Wielkopolski";6793;
0861011;"Gorzów Wielkopolski (1)";6793;
0862000;"Powiat m.Zielona Góra";8015;
0862011;"Zielona Góra (1)";8015;
1000000;"ŁÓDZKIE";149196;
1001000;"Powiat bełchatowski";7373;
1001011;"Bełchatów (1)";3420;
1001022;"Bełchatów (2)";780;
1001032;"Drużbice (2)";357;
1001042;"Kleszczów (2)";561;
1001052;"Kluki (2)";283;
1001062;"Rusiec (2)";371;
1001072;"Szczerców (2)";594;
1001083;"Zelów (3)";1009;
1002000;"Powiat kutnowski";5275;
1002011;"Kutno (1)";2124;
1002022;"Bedlno (2)";304;
1002032;"Dąbrowice (2)";124;
1002043;"Krośniewice (3)";508;
1002052;"Krzyżanów (2)";257;
1002062;"Kutno (2)";532;
1002072;"Łanięta (2)";157;
1002082;"Nowe Ostrowy (2)";205;
1002092;"Oporów (2)";168;
1002102;"Strzelce (2)";251;
1002113;"Żychlin (3)";646;
1003000;"Powiat łaski";3280;
1003012;"Buczek (2)";368;
1003023;"Łask (3)";1733;
1003032;"Sędziejowice (2)";458;
1003042;"Widawa (2)";453;
1003052;"Wodzierady (2)";270;
1004000;"Powiat łęczycki";3062;
1004011;"Łęczyca (1)";795;
1004022;"Daszyna (2)";246;
1004032;"Góra Świętej Małgorzaty (2)";307;
1004042;"Grabów (2)";359;
1004052;"Łęczyca (2)";523;
1004062;"Piątek (2)";407;
1004072;"Świnice Warckie (2)";235;
1004082;"Witonia (2)";190;
1005000;"Powiat łowicki";5187;
1005011;"Łowicz (1)";1775;
1005022;"Bielawy (2)";323;
1005032;"Chąśno (2)";195;
1005042;"Domaniewice (2)";353;
1005052;"Kiernozia (2)";211;
1005062;"Kocierzew Południowy (2)";301;
1005072;"Łowicz (2)";570;
1005082;"Łyszkowice (2)";494;
1005092;"Nieborów (2)";649;
1005102;"Zduny (2)";317;
1006000;"Powiat łódzki wschodni";4983;
1006022;"Andrespol (2)";901;
1006032;"Brójce (2)";535;
1006073;"Koluszki (3)";1532;
1006082;"Nowosolna (2)";370;
1006103;"Rzgów (3)";736;
1006113;"Tuszyn (3)";908;
1007000;"Powiat opoczyński";5493;
1007012;"Białaczów (2)";418;
1007023;"Drzewica (3)";768;
1007032;"Mniszków (2)";391;
1007043;"Opoczno (3)";2338;
1007052;"Paradyż (2)";359;
1007062;"Poświętne (2)";241;
1007072;"Sławno (2)";582;
1007082;"Żarnów (2)";397;
1008000;"Powiat pabianicki";7228;
1008011;"Konstantynów Łódzki (1)";1116;
1008021;"Pabianice (1)";3473;
1008032;"Dłutów (2)";382;
1008042;"Dobroń (2)";552;
1008052;"Ksawerów (2)";495;
1008062;"Lutomiersk (2)";620;
1008072;"Pabianice (2)";591;
1009000;"Powiat pajęczański";3421;
1009013;"Działoszyn (3)";776;
1009022;"Kiełczygłów (2)";267;
1009032;"Nowa Brzeźnica (2)";296;
1009043;"Pajęczno (3)";810;
1009052;"Rząśnia (2)";373;
1009062;"Siemkowice (2)";336;
1009072;"Strzelce Wielkie (2)";280;
1009082;"Sulmierzyce (2)";283;
1010000;"Powiat piotrkowski";6609;
1010012;"Aleksandrów (2)";304;
1010022;"Czarnocin (2)";306;
1010032;"Gorzkowice (2)";573;
1010042;"Grabica (2)";529;
1010052;"Łęki Szlacheckie (2)";234;
1010062;"Moszczenica (2)";926;
1010072;"Ręczno (2)";256;
1010082;"Rozprza (2)";881;
1010093;"Sulejów (3)";1182;
1010102;"Wola Krzysztoporska (2)";851;
1010113;"Wolbórz (3)";568;
1011000;"Powiat poddębicki";2746;
1011012;"Dalików (2)";306;
1011022;"Pęczniew (2)";225;
1011033;"Poddębice (3)";1034;
1011043;"Uniejów (3)";445;
1011052;"Wartkowice (2)";406;
1011062;"Zadzim (2)";331;
1012000;"Powiat radomszczański";7189;
1012011;"Radomsko (1)";2628;
1012022;"Dobryszyce (2)";302;
1012032;"Gidle (2)";367;
1012042;"Gomunice (2)";341;
1012053;"Kamieńsk (3)";356;
1012062;"Kobiele Wielkie (2)";352;
1012072;"Kodrąb (2)";329;
1012082;"Lgota Wielka (2)";294;
1012092;"Ładzice (2)";326;
1012102;"Masłowice (2)";299;
1012113;"Przedbórz (3)";528;
1012122;"Radomsko (2)";404;
1012132;"Wielgomłyny (2)";318;
1012142;"Żytno (2)";347;
1013000;"Powiat rawski";3596;
1013011;"Rawa Mazowiecka (1)";1101;
1013023;"Biała Rawska (3)";918;
1013032;"Cielądz (2)";313;
1013042;"Rawa Mazowiecka (2)";663;
1013052;"Regnów (2)";147;
1013062;"Sadkowice (2)";455;
1014000;"Powiat sieradzki";7957;
1014011;"Sieradz (1)";2480;
1014023;"Błaszki (3)";1066;
1014032;"Brąszewice (2)";403;
1014042;"Brzeźnio (2)";422;
1014052;"Burzenin (2)";386;
1014062;"Goszczanów (2)";398;
1014072;"Klonowa (2)";229;
1014082;"Sieradz (2)";791;
1014093;"Warta (3)";823;
1014102;"Wróblew (2)";407;
1014113;"Złoczew (3)";554;
1015000;"Powiat skierniewicki";2800;
1015012;"Bolimów (2)";280;
1015022;"Głuchów (2)";438;
1015032;"Godzianów (2)";185;
1015042;"Kowiesy (2)";219;
1015052;"Lipce Reymontowskie (2)";224;
1015062;"Maków (2)";444;
1015072;"Nowy Kawęczyn (2)";242;
1015082;"Skierniewice (2)";568;
1015092;"Słupia (2)";201;
1016000;"Powiat tomaszowski";7968;
1016011;"Tomaszów Mazowiecki (1)";3852;
1016022;"Będków (2)";198;
1016032;"Budziszewice (2)";181;
1016042;"Czerniewice (2)";428;
1016052;"Inowłódz (2)";219;
1016062;"Lubochnia (2)";617;
1016072;"Rokiciny (2)";452;
1016082;"Rzeczyca (2)";352;
1016092;"Tomaszów Mazowiecki (2)";832;
1016102;"Ujazd (2)";546;
1016112;"Żelechlinek (2)";291;
1017000;"Powiat wieluński";4915;
1017012;"Biała (2)";392;
1017022;"Czarnożyły (2)";279;
1017032;"Konopnica (2)";243;
1017042;"Mokrsko (2)";383;
1017052;"Osjaków (2)";361;
1017062;"Ostrówek (2)";321;
1017072;"Pątnów (2)";467;
1017082;"Skomlin (2)";221;
1017093;"Wieluń (3)";1838;
1017102;"Wierzchlas (2)";413;
1018000;"Powiat wieruszowski";3003;
1018012;"Bolesławiec (2)";249;
1018022;"Czastary (2)";291;
1018032;"Galewice (2)";441;
1018042;"Lututów (2)";336;
1018052;"Łubnice (2)";282;
1018062;"Sokolniki (2)";388;
1018073;"Wieruszów (3)";1017;
1019000;"Powiat zduńskowolski";4303;
1019011;"Zduńska Wola (1)";2518;
1019023;"Szadek (3)";495;
1019032;"Zapolice (2)";408;
1019042;"Zduńska Wola (2)";883;
1020000;"Powiat zgierski";10425;
1020011;"Głowno (1)";820;
1020021;"Ozorków (1)";1103;
1020031;"Zgierz (1)";3244;
1020043;"Aleksandrów Łódzki (3)";2258;
1020052;"Głowno (2)";338;
1020062;"Ozorków (2)";455;
1020072;"Parzęczew (2)";356;
1020083;"Stryków (3)";862;
1020092;"Zgierz (2)";989;
1021000;"Powiat brzeziński";2217;
1021011;"Brzeziny (1)";830;
1021022;"Brzeziny (2)";468;
1021032;"Dmosin (2)";311;
1021042;"Jeżów (2)";271;
1021052;"Rogów (2)";337;
1061000;"Powiat m.Łódź";32838;
1061011;"Łódź (1)";32838;
1062000;"Powiat m.Piotrków Trybunalski";4359;
1062011;"Piotrków Trybunalski (1)";4359;
1063000;"Powiat m.Skierniewice";2967;
1063011;"Skierniewice (1)";2967;
1200000;"MAŁOPOLSKIE";222698;
1201000;"Powiat bocheński";7686;
1201011;"Bochnia (1)";1889;
1201022;"Bochnia (2)";1463;
1201032;"Drwinia (2)";412;
1201042;"Lipnica Murowana (2)";430;
1201052;"Łapanów (2)";752;
1201063;"Nowy Wiśnicz (3)";1086;
1201072;"Rzezawa (2)";726;
1201082;"Trzciana (2)";480;
1201092;"Żegocina (2)";449;
1202000;"Powiat brzeski";5675;
1202012;"Borzęcin (2)";416;
1202023;"Brzesko (3)";2019;
1202033;"Czchów (3)";710;
1202042;"Dębno (2)";822;
1202052;"Gnojnik (2)";596;
1202062;"Iwkowa (2)";538;
1202072;"Szczurowa (2)";574;
1203000;"Powiat chrzanowski";6981;
1203013;"Alwernia (3)";791;
1203022;"Babice (2)";515;
1203033;"Chrzanów (3)";2479;
1203043;"Libiąż (3)";1307;
1203053;"Trzebinia (3)";1889;
1204000;"Powiat dąbrowski";3819;
1204012;"Bolesław (2)";132;
1204023;"Dąbrowa Tarnowska (3)";1434;
1204032;"Gręboszów (2)";134;
1204042;"Mędrzechów (2)";215;
1204052;"Olesno (2)";478;
1204062;"Radgoszcz (2)";538;
1204073;"Szczucin (3)";888;
1205000;"Powiat gorlicki";7576;
1205011;"Gorlice (1)";1562;
1205023;"Biecz (3)";1097;
1205033;"Bobowa (3)";788;
1205042;"Gorlice (2)";1182;
1205052;"Lipinki (2)";476;
1205062;"Łużna (2)";658;
1205072;"Moszczenica (2)";407;
1205082;"Ropa (2)";492;
1205092;"Sękowa (2)";333;
1205102;"Uście Gorlickie (2)";582;
1206000;"Powiat krakowski";20313;
1206012;"Czernichów (2)";1086;
1206022;"Igołomia-Wawrzeńczyce (2)";595;
1206032;"Iwanowice (2)";712;
1206042;"Jerzmanowice-Przeginia (2)";793;
1206052;"Kocmyrzów-Luborzyca (2)";1159;
1206063;"Krzeszowice (3)";2022;
1206072;"Liszki (2)";1226;
1206082;"Michałowice (2)";884;
1206092;"Mogilany (2)";1194;
1206103;"Skała (3)";787;
1206113;"Skawina (3)";2835;
1206123;"Słomniki (3)";953;
1206132;"Sułoszowa (2)";444;
1206143;"Świątniki Górne (3)";806;
1206152;"Wielka Wieś (2)";1014;
1206162;"Zabierzów (2)";1927;
1206172;"Zielonki (2)";1877;
1207000;"Powiat limanowski";10295;
1207011;"Limanowa (1)";1043;
1207021;"Mszana Dolna (1)";564;
1207032;"Dobra (2)";756;
1207042;"Jodłownik (2)";734;
1207052;"Kamienica (2)";509;
1207062;"Laskowa (2)";711;
1207072;"Limanowa (2)";1998;
1207082;"Łukowica (2)";850;
1207092;"Mszana Dolna (2)";1539;
1207102;"Niedźwiedź (2)";624;
1207112;"Słopnice (2)";502;
1207122;"Tymbark (2)";467;
1208000;"Powiat miechowski";3088;
1208012;"Charsznica (2)";438;
1208022;"Gołcza (2)";386;
1208032;"Kozłów (2)";282;
1208042;"Książ Wielki (2)";331;
1208053;"Miechów (3)";1255;
1208062;"Racławice (2)";167;
1208072;"Słaboszów (2)";230;
1209000;"Powiat myślenicki";10012;
1209013;"Dobczyce (3)";1156;
1209022;"Lubień (2)";788;
1209033;"Myślenice (3)";3444;
1209042;"Pcim (2)";909;
1209052;"Raciechowice (2)";521;
1209062;"Siepraw (2)";709;
1209073;"Sułkowice (3)";1156;
1209082;"Tokarnia (2)";686;
1209092;"Wiśniowa (2)";644;
1210000;"Powiat nowosądecki";16983;
1210011;"Grybów (1)";429;
1210022;"Chełmiec (2)";2323;
1210032;"Gródek nad Dunajcem (2)";708;
1210042;"Grybów (2)";1996;
1210052;"Kamionka Wielka (2)";853;
1210062;"Korzenna (2)";1175;
1210073;"Krynica-Zdrój (3)";1075;
1210082;"Łabowa (2)";538;
1210092;"Łącko (2)";1532;
1210102;"Łososina Dolna (2)";949;
1210113;"Muszyna (3)";820;
1210122;"Nawojowa (2)";726;
1210133;"Piwniczna-Zdrój (3)";708;
1210142;"Podegrodzie (2)";1179;
1210152;"Rytro (2)";256;
1210163;"Stary Sącz (3)";1718;
1211000;"Powiat nowotarski";13642;
1211011;"Nowy Targ (1)";2200;
1211023;"Szczawnica (3)";425;
1211032;"Czarny Dunajec (2)";1602;
1211042;"Czorsztyn (2)";550;
1211052;"Jabłonka (2)";1288;
1211062;"Krościenko nad Dunajcem (2)";518;
1211072;"Lipnica Wielka (2)";411;
1211082;"Łapsze Niżne (2)";674;
1211092;"Nowy Targ (2)";1856;
1211102;"Ochotnica Dolna (2)";774;
1211112;"Raba Wyżna (2)";1061;
1211123;"Rabka-Zdrój (3)";1017;
1211132;"Spytkowice (2)";366;
1211142;"Szaflary (2)";902;
1212000;"Powiat olkuski";6479;
1212011;"Bukowno (1)";493;
1212032;"Bolesław (2)";443;
1212042;"Klucze (2)";880;
1212053;"Olkusz (3)";2732;
1212062;"Trzyciąż (2)";532;
1212073;"Wolbrom (3)";1401;
1213000;"Powiat oświęcimski";9019;
1213011;"Oświęcim (1)";1944;
1213023;"Brzeszcze (3)";1266;
1213033;"Chełmek (3)";674;
1213043;"Kęty (3)";2148;
1213052;"Osiek (2)";561;
1213062;"Oświęcim (2)";1143;
1213072;"Polanka Wielka (2)";286;
1213082;"Przeciszów (2)";416;
1213093;"Zator (3)";580;
1214000;"Powiat proszowicki";3009;
1214012;"Koniusza (2)";710;
1214023;"Koszyce (3)";357;
1214033;"Nowe Brzesko (3)";374;
1214042;"Pałecznica (2)";272;
1214053;"Proszowice (3)";1059;
1214062;"Radziemice (2)";237;
1215000;"Powiat suski";6060;
1215011;"Jordanów (1)";328;
1215021;"Sucha Beskidzka (1)";559;
1215032;"Budzów (2)";725;
1215042;"Bystra-Sidzina (2)";564;
1215052;"Jordanów (2)";849;
1215063;"Maków Podhalański (3)";1138;
1215072;"Stryszawa (2)";807;
1215082;"Zawoja (2)";721;
1215092;"Zembrzyce (2)";369;
1216000;"Powiat tarnowski";13231;
1216013;"Ciężkowice (3)";819;
1216022;"Gromnik (2)";575;
1216032;"Lisia Góra (2)";1132;
1216042;"Pleśna (2)";792;
1216053;"Radłów (3)";548;
1216063;"Ryglice (3)";818;
1216072;"Rzepiennik Strzyżewski (2)";518;
1216082;"Skrzyszów (2)";989;
1216092;"Tarnów (2)";1717;
1216103;"Tuchów (3)";1196;
1216112;"Wierzchosławice (2)";638;
1216122;"Wietrzychowice (2)";187;
1216133;"Wojnicz (3)";766;
1216143;"Zakliczyn (3)";858;
1216153;"Żabno (3)";1115;
1216162;"Szerzyny (2)";564;
1217000;"Powiat tatrzański";4934;
1217011;"Zakopane (1)";1504;
1217022;"Biały Dunajec (2)";604;
1217032;"Bukowina Tatrzańska (2)";1117;
1217042;"Kościelisko (2)";693;
1217052;"Poronin (2)";1016;
1218000;"Powiat wadowicki";11497;
1218013;"Andrychów (3)";3025;
1218022;"Brzeźnica (2)";742;
1218033;"Kalwaria Zebrzydowska (3)";1519;
1218042;"Lanckorona (2)";506;
1218052;"Mucharz (2)";303;
1218062;"Spytkowice (2)";728;
1218072;"Stryszów (2)";532;
1218082;"Tomice (2)";662;
1218093;"Wadowice (3)";2493;
1218102;"Wieprz (2)";988;
1219000;"Powiat wielicki";9951;
1219012;"Biskupice (2)";860;
1219022;"Gdów (2)";1469;
1219032;"Kłaj (2)";745;
1219043;"Niepołomice (3)";2303;
1219053;"Wieliczka (3)";4574;
1261000;"Powiat m.Kraków";41213;
1261011;"Kraków (1)";41213;
1262000;"Powiat m.Nowy Sącz";5474;
1262011;"Nowy Sącz (1)";5474;
1263000;"Powiat m.Tarnów";5762;
1263011;"Tarnów (1)";5762;
1400000;"MAZOWIECKIE";368732;
1401000;"Powiat białobrzeski";2820;
1401013;"Białobrzegi (3)";803;
1401022;"Promna (2)";480;
1401032;"Radzanów (2)";360;
1401042;"Stara Błotnica (2)";515;
1401052;"Stromiec (2)";439;
1401063;"Wyśmierzyce (3)";223;
1402000;"Powiat ciechanowski";5954;
1402011;"Ciechanów (1)";2612;
1402022;"Ciechanów (2)";553;
1402033;"Glinojeck (3)";581;
1402042;"Gołymin-Ośrodek (2)";298;
1402052;"Grudusk (2)";285;
1402062;"Ojrzeń (2)";336;
1402072;"Opinogóra Górna (2)";430;
1402082;"Regimin (2)";375;
1402092;"Sońsk (2)";485;
1403000;"Powiat garwoliński";8732;
1403011;"Garwolin (1)";1377;
1403021;"Łaskarzew (1)";389;
1403032;"Borowie (2)";353;
1403042;"Garwolin (2)";1198;
1403052;"Górzno (2)";574;
1403062;"Łaskarzew (2)";439;
1403072;"Maciejowice (2)";507;
1403082;"Miastków Kościelny (2)";370;
1403092;"Parysów (2)";387;
1403103;"Pilawa (3)";883;
1403112;"Sobolew (2)";656;
1403122;"Trojanów (2)";554;
1403132;"Wilga (2)";373;
1403143;"Żelechów (3)";674;
1404000;"Powiat gostyniński";2865;
1404011;"Gostynin (1)";1031;
1404022;"Gostynin (2)";881;
1404032;"Pacyna (2)";199;
1404043;"Sanniki (3)";427;
1404052;"Szczawin Kościelny (2)";328;
1405000;"Powiat grodziski";7172;
1405011;"Milanówek (1)";1027;
1405021;"Podkowa Leśna (1)";218;
1405032;"Baranów (2)";418;
1405043;"Grodzisk Mazowiecki (3)";3801;
1405052;"Jaktorów (2)";944;
1405062;"Żabia Wola (2)";764;
1406000;"Powiat grójecki";7435;
1406012;"Belsk Duży (2)";457;
1406022;"Błędów (2)";560;
1406032;"Chynów (2)";829;
1406042;"Goszczyn (2)";245;
1406053;"Grójec (3)";1959;
1406062;"Jasieniec (2)";445;
1406073;"Mogielnica (3)";576;
1406083;"Nowe Miasto nad Pilicą (3)";497;
1406092;"Pniewy (2)";411;
1406113;"Warka (3)";1458;
1407000;"Powiat kozienicki";3851;
1407012;"Garbatka-Letnisko (2)";295;
1407022;"Głowaczów (2)";486;
1407032;"Gniewoszów (2)";269;
1407042;"Grabów nad Pilicą (2)";319;
1407053;"Kozienice (3)";1670;
1407062;"Magnuszew (2)";572;
1407072;"Sieciechów (2)";240;
1408000;"Powiat legionowski";8919;
1408011;"Legionowo (1)";3625;
1408022;"Jabłonna (2)";1673;
1408032;"Nieporęt (2)";1177;
1408043;"Serock (3)";1235;
1408052;"Wieliszew (2)";1209;
1409000;"Powiat lipski";2145;
1409012;"Chotcza (2)";166;
1409022;"Ciepielów (2)";438;
1409033;"Lipsko (3)";622;
1409042;"Rzeczniów (2)";270;
1409052;"Sienno (2)";389;
1409062;"Solec nad Wisłą (2)";261;
1410000;"Powiat łosicki";2215;
1410012;"Huszlew (2)";218;
1410023;"Łosice (3)";787;
1410032;"Olszanka (2)";230;
1410042;"Platerów (2)";343;
1410052;"Sarnaki (2)";289;
1410062;"Stara Kornica (2)";348;
1411000;"Powiat makowski";3368;
1411011;"Maków Mazowiecki (1)";663;
1411022;"Czerwonka (2)";231;
1411032;"Karniewo (2)";408;
1411042;"Krasnosielc (2)";552;
1411052;"Młynarze (2)";137;
1411062;"Płoniawy-Bramura (2)";364;
1411073;"Różan (3)";313;
1411082;"Rzewnie (2)";198;
1411092;"Sypniewo (2)";223;
1411102;"Szelków (2)";279;
1412000;"Powiat miński";12265;
1412011;"Mińsk Mazowiecki (1)";3120;
1412042;"Cegłów (2)";402;
1412052;"Dębe Wielkie (2)";983;
1412062;"Dobre (2)";473;
1412073;"Halinów (3)";1472;
1412082;"Jakubów (2)";417;
1412093;"Kałuszyn (3)";457;
1412102;"Latowicz (2)";451;
1412112;"Mińsk Mazowiecki (2)";1293;
1412123;"Mrozy (3)";646;
1412132;"Siennica (2)";576;
1412142;"Stanisławów (2)";534;
1412151;"Sulejówek (1)";1441;
1413000;"Powiat mławski";5336;
1413011;"Mława (1)";2220;
1413022;"Dzierzgowo (2)";213;
1413032;"Lipowiec Kościelny (2)";340;
1413042;"Radzanów (2)";261;
1413052;"Strzegowo (2)";542;
1413062;"Stupsk (2)";346;
1413072;"Szreńsk (2)";313;
1413082;"Szydłowo (2)";358;
1413092;"Wieczfnia Kościelna (2)";310;
1413102;"Wiśniewo (2)";435;
1414000;"Powiat nowodworski";5479;
1414011;"Nowy Dwór Mazowiecki (1)";1872;
1414022;"Czosnów (2)";739;
1414032;"Leoncin (2)";398;
1414043;"Nasielsk (3)";1471;
1414052;"Pomiechówek (2)";604;
1414063;"Zakroczym (3)";395;
1415000;"Powiat ostrołęcki";7360;
1415012;"Baranowo (2)";508;
1415022;"Czarnia (2)";225;
1415032;"Czerwin (2)";362;
1415042;"Goworowo (2)";623;
1415052;"Kadzidło (2)";960;
1415062;"Lelis (2)";855;
1415072;"Łyse (2)";751;
1415083;"Myszyniec (3)";935;
1415092;"Olszewo-Borki (2)";909;
1415102;"Rzekuń (2)";867;
1415112;"Troszyn (2)";366;
1416000;"Powiat ostrowski";4930;
1416011;"Ostrów Mazowiecka (1)";1464;
1416022;"Andrzejewo (2)";255;
1416032;"Boguty-Pianki (2)";157;
1416043;"Brok (3)";205;
1416052;"Małkinia Górna (2)";750;
1416062;"Nur (2)";146;
1416072;"Ostrów Mazowiecka (2)";952;
1416082;"Stary Lubotyń (2)";301;
1416092;"Szulborze Wielkie (2)";111;
1416102;"Wąsewo (2)";328;
1416112;"Zaręby Kościelne (2)";260;
1417000;"Powiat otwocki";9065;
1417011;"Józefów (1)";1555;
1417021;"Otwock (1)";2970;
1417032;"Celestynów (2)";848;
1417043;"Karczew (3)";1094;
1417052;"Kołbiel (2)";637;
1417062;"Osieck (2)";295;
1417072;"Sobienie-Jeziory (2)";479;
1417082;"Wiązowna (2)";1188;
1418000;"Powiat piaseczyński";14898;
1418013;"Góra Kalwaria (3)";1984;
1418023;"Konstancin-Jeziorna (3)";1502;
1418032;"Lesznowola (2)";2656;
1418043;"Piaseczno (3)";6955;
1418052;"Prażmów (2)";898;
1418063;"Tarczyn (3)";903;
1419000;"Powiat płocki";7770;
1419012;"Bielsk (2)";600;
1419022;"Bodzanów (2)";547;
1419032;"Brudzeń Duży (2)";563;
1419042;"Bulkowo (2)";391;
1419053;"Drobin (3)";630;
1419063;"Gąbin (3)";700;
1419072;"Łąck (2)";362;
1419082;"Mała Wieś (2)";390;
1419092;"Nowy Duninów (2)";277;
1419102;"Radzanowo (2)";605;
1419112;"Słubice (2)";359;
1419122;"Słupno (2)";598;
1419132;"Stara Biała (2)";844;
1419142;"Staroźreby (2)";526;
1419153;"Wyszogród (3)";379;
1420000;"Powiat płoński";6197;
1420011;"Płońsk (1)";1422;
1420021;"Raciąż (1)";280;
1420032;"Baboszewo (2)";574;
1420042;"Czerwińsk nad Wisłą (2)";571;
1420052;"Dzierzążnia (2)";255;
1420062;"Joniec (2)";189;
1420072;"Naruszewo (2)";501;
1420082;"Nowe Miasto (2)";336;
1420092;"Płońsk (2)";629;
1420102;"Raciąż (2)";586;
1420112;"Sochocin (2)";431;
1420122;"Załuski (2)";424;
1421000;"Powiat pruszkowski";11771;
1421011;"Piastów (1)";1506;
1421021;"Pruszków (1)";4140;
1421033;"Brwinów (3)";2073;
1421042;"Michałowice (2)";1286;
1421052;"Nadarzyn (2)";1174;
1421062;"Raszyn (2)";1592;
1422000;"Powiat przasnyski";4131;
1422011;"Przasnysz (1)";1266;
1422023;"Chorzele (3)";819;
1422032;"Czernice Borowe (2)";275;
1422042;"Jednorożec (2)";638;
1422052;"Krasne (2)";253;
1422062;"Krzynowłoga Mała (2)";297;
1422072;"Przasnysz (2)";582;
1423000;"Powiat przysuski";3005;
1423012;"Borkowice (2)";301;
1423022;"Gielniów (2)";305;
1423032;"Klwów (2)";308;
1423042;"Odrzywół (2)";240;
1423052;"Potworów (2)";395;
1423063;"Przysucha (3)";695;
1423072;"Rusinów (2)";334;
1423082;"Wieniawa (2)";429;
1424000;"Powiat pułtuski";3958;
1424012;"Gzy (2)";267;
1424022;"Obryte (2)";352;
1424032;"Pokrzywnica (2)";437;
1424043;"Pułtusk (3)";1834;
1424052;"Świercze (2)";334;
1424062;"Winnica (2)";331;
1424072;"Zatory (2)";404;
1425000;"Powiat radomski";12059;
1425011;"Pionki (1)";976;
1425022;"Gózd (2)";795;
1425033;"Iłża (3)";921;
1425042;"Jastrzębia (2)";568;
1425052;"Jedlińsk (2)";1320;
1425062;"Jedlnia-Letnisko (2)";1009;
1425072;"Kowala (2)";1023;
1425082;"Pionki (2)";686;
1425092;"Przytyk (2)";653;
1425103;"Skaryszew (3)";1436;
1425112;"Wierzbica (2)";741;
1425122;"Wolanów (2)";757;
1425132;"Zakrzew (2)";1177;
1426000;"Powiat siedlecki";6299;
1426012;"Domanice (2)";222;
1426022;"Korczew (2)";155;
1426032;"Kotuń (2)";625;
1426042;"Mokobody (2)";377;
1426053;"Mordy (3)";408;
1426062;"Paprotnia (2)";182;
1426072;"Przesmyki (2)";196;
1426082;"Siedlce (2)";1555;
1426092;"Skórzec (2)";683;
1426102;"Suchożebry (2)";362;
1426112;"Wiśniew (2)";425;
1426122;"Wodynie (2)";291;
1426132;"Zbuczyn (2)";819;
1427000;"Powiat sierpecki";3805;
1427011;"Sierpc (1)";1173;
1427022;"Gozdowo (2)";480;
1427032;"Mochowo (2)";473;
1427042;"Rościszewo (2)";311;
1427052;"Sierpc (2)";565;
1427062;"Szczutowo (2)";301;
1427072;"Zawidz (2)";503;
1428000;"Powiat sochaczewski";5967;
1428011;"Sochaczew (1)";2243;
1428022;"Brochów (2)";332;
1428032;"Iłów (2)";464;
1428042;"Młodzieszyn (2)";431;
1428052;"Nowa Sucha (2)";525;
1428062;"Rybno (2)";274;
1428072;"Sochaczew (2)";914;
1428082;"Teresin (2)";785;
1429000;"Powiat sokołowski";3446;
1429011;"Sokołów Podlaski (1)";1284;
1429022;"Bielany (2)";294;
1429032;"Ceranów (2)";133;
1429042;"Jabłonna Lacka (2)";239;
1429053;"Kosów Lacki (3)";370;
1429062;"Repki (2)";293;
1429072;"Sabnie (2)";225;
1429082;"Sokołów Podlaski (2)";411;
1429092;"Sterdyń (2)";197;
1430000;"Powiat szydłowiecki";2771;
1430012;"Chlewiska (2)";371;
1430022;"Jastrząb (2)";402;
1430032;"Mirów (2)";305;
1430042;"Orońsko (2)";479;
1430053;"Szydłowiec (3)";1215;
1432000;"Powiat warszawski zachodni";8623;
1432013;"Błonie (3)";1487;
1432022;"Izabelin (2)";665;
1432032;"Kampinos (2)";288;
1432042;"Leszno (2)";742;
1432053;"Łomianki (3)";2047;
1432063;"Ożarów Mazowiecki (3)";1906;
1432072;"Stare Babice (2)";1488;
1433000;"Powiat węgrowski";4943;
1433011;"Węgrów (1)";897;
1433022;"Grębków (2)";348;
1433032;"Korytnica (2)";466;
1433042;"Liw (2)";551;
1433053;"Łochów (3)";1456;
1433062;"Miedzna (2)";241;
1433072;"Sadowne (2)";446;
1433082;"Stoczek (2)";360;
1433092;"Wierzbno (2)";177;
1434000;"Powiat wołomiński";21285;
1434011;"Kobyłka (1)";2105;
1434021;"Marki (1)";3154;
1434031;"Ząbki (1)";3428;
1434041;"Zielonka (1)";1227;
1434052;"Dąbrówka (2)";758;
1434062;"Jadów (2)";591;
1434072;"Klembów (2)";939;
1434082;"Poświętne (2)";565;
1434093;"Radzymin (3)";2604;
1434102;"Strachówka (2)";233;
1434113;"Tłuszcz (3)";1674;
1434123;"Wołomin (3)";4009;
1435000;"Powiat wyszkowski";5877;
1435012;"Brańszczyk (2)";583;
1435022;"Długosiodło (2)";688;
1435032;"Rząśnik (2)";649;
1435042;"Somianka (2)";478;
1435053;"Wyszków (3)";2959;
1435062;"Zabrodzie (2)";521;
1436000;"Powiat zwoleński";2641;
1436012;"Kazanów (2)";396;
1436022;"Policzna (2)";349;
1436032;"Przyłęk (2)";456;
1436042;"Tczów (2)";414;
1436053;"Zwoleń (3)";1027;
1437000;"Powiat żuromiński";2985;
1437013;"Bieżuń (3)";372;
1437022;"Kuczbork-Osada (2)";364;
1437033;"Lubowidz (3)";559;
1437042;"Lutocin (2)";378;
1437052;"Siemiątkowo (2)";290;
1437063;"Żuromin (3)";1022;
1438000;"Powiat żyrardowski";5276;
1438011;"Żyrardów (1)";2607;
1438023;"Mszczonów (3)";890;
1438032;"Puszcza Mariańska (2)";592;
1438042;"Radziejowice (2)";447;
1438052;"Wiskitki (2)";739;
1461000;"Powiat m.Ostrołęka";3363;
1461011;"Ostrołęka (1)";3363;
1462000;"Powiat m.Płock";6765;
1462011;"Płock (1)";6765;
1463000;"Powiat m.Radom";13516;
1463011;"Radom (1)";13516;
1464000;"Powiat m.Siedlce";5490;
1464011;"Siedlce (1)";5490;
1465000;"Powiat m. st. Warszawa";101979;
1465011;"M.st.Warszawa od 2002 (1)";101979;
1600000;"OPOLSKIE";49156;
1601000;"Powiat brzeski";4928;
1601011;"Brzeg (1)";1872;
1601022;"Skarbimierz (2)";546;
1601033;"Grodków (3)";1043;
1601043;"Lewin Brzeski (3)";688;
1601052;"Lubsza (2)";513;
1601062;"Olszanka (2)";267;
1602000;"Powiat głubczycki";2236;
1602013;"Baborów (3)";278;
1602022;"Branice (2)";257;
1602033;"Głubczyce (3)";1181;
1602043;"Kietrz (3)";521;
1603000;"Powiat kędzierzyńsko-kozielski";4137;
1603011;"Kędzierzyn-Koźle (1)";2737;
1603022;"Bierawa (2)";371;
1603032;"Cisek (2)";266;
1603042;"Pawłowiczki (2)";290;
1603052;"Polska Cerekiew (2)";155;
1603062;"Reńska Wieś (2)";318;
1604000;"Powiat kluczborski";3738;
1604013;"Byczyna (3)";720;
1604023;"Kluczbork (3)";1738;
1604032;"Lasowice Wielkie (2)";270;
1604043;"Wołczyn (3)";1010;
1605000;"Powiat krapkowicki";2982;
1605013;"Gogolin (3)";647;
1605023;"Krapkowice (3)";1043;
1605032;"Strzeleczki (2)";365;
1605042;"Walce (2)";233;
1605053;"Zdzieszowice (3)";693;
1606000;"Powiat namysłowski";2473;
1606012;"Domaszowice (2)";228;
1606023;"Namysłów (3)";1512;
1606032;"Pokój (2)";279;
1606042;"Świerczów (2)";173;
1606052;"Wilków (2)";281;
1607000;"Powiat nyski";6779;
1607013;"Głuchołazy (3)";1081;
1607022;"Kamiennik (2)";215;
1607033;"Korfantów (3)";422;
1607042;"Łambinowice (2)";376;
1607053;"Nysa (3)";2804;
1607063;"Otmuchów (3)";719;
1607073;"Paczków (3)";645;
1607082;"Pakosławice (2)";162;
1607092;"Skoroszyce (2)";357;
1608000;"Powiat oleski";3209;
1608013;"Dobrodzień (3)";464;
1608023;"Gorzów Śląski (3)";348;
1608033;"Olesno (3)";812;
1608043;"Praszka (3)";742;
1608052;"Radłów (2)";190;
1608062;"Rudniki (2)";499;
1608072;"Zębowice (2)";154;
1609000;"Powiat opolski";6151;
1609012;"Chrząstowice (2)";365;
1609022;"Dąbrowa (2)";413;
1609032;"Dobrzeń Wielki (2)";516;
1609042;"Komprachcice (2)";415;
1609052;"Łubniany (2)";575;
1609062;"Murów (2)";250;
1609073;"Niemodlin (3)";738;
1609083;"Ozimek (3)";902;
1609092;"Popielów (2)";406;
1609103;"Prószków (3)";438;
1609112;"Tarnów Opolski (2)";396;
1609123;"Tułowice (3)";251;
1609132;"Turawa (2)";486;
1610000;"Powiat prudnicki";2778;
1610013;"Biała (3)";489;
1610023;"Głogówek (3)";671;
1610032;"Lubrza (2)";252;
1610043;"Prudnik (3)";1366;
1611000;"Powiat strzelecki";3483;
1611012;"Izbicko (2)";242;
1611022;"Jemielnica (2)";337;
1611033;"Kolonowskie (3)";254;
1611043;"Leśnica (3)";363;
1611053;"Strzelce Opolskie (3)";1503;
1611063;"Ujazd (3)";330;
1611073;"Zawadzkie (3)";454;
1661000;"Powiat m.Opole";6263;
1661011;"Opole (1)";6263;
1800000;"PODKARPACKIE";137420;
1801000;"Powiat bieszczadzki";1336;
1801032;"Czarna (2)";144;
1801052;"Lutowiska (2)";127;
1801083;"Ustrzyki Dolne (3)";1064;
1802000;"Powiat brzozowski";4418;
1802013;"Brzozów (3)";1740;
1802022;"Domaradz (2)";422;
1802032;"Dydnia (2)";530;
1802042;"Haczów (2)";627;
1802052;"Jasienica Rosielna (2)";596;
1802062;"Nozdrzec (2)";505;
1803000;"Powiat dębicki";8976;
1803011;"Dębica (1)";2612;
1803023;"Brzostek (3)";948;
1803032;"Czarna (2)";940;
1803042;"Dębica (2)";1762;
1803052;"Jodłowa (2)";383;
1803063;"Pilzno (3)";1318;
1803072;"Żyraków (2)";1013;
1804000;"Powiat jarosławski";7640;
1804011;"Jarosław (1)";2070;
1804021;"Radymno (1)";293;
1804032;"Chłopice (2)";333;
1804042;"Jarosław (2)";887;
1804052;"Laszki (2)";455;
1804062;"Pawłosiów (2)";555;
1804073;"Pruchnik (3)";692;
1804082;"Radymno (2)";759;
1804092;"Rokietnica (2)";292;
1804102;"Roźwienica (2)";436;
1804112;"Wiązownica (2)";869;
1805000;"Powiat jasielski";7153;
1805011;"Jasło (1)";1899;
1805022;"Brzyska (2)";486;
1805032;"Dębowiec (2)";625;
1805042;"Jasło (2)";1042;
1805053;"Kołaczyce (3)";601;
1805062;"Krempna (2)";112;
1805072;"Nowy Żmigród (2)";586;
1805082;"Osiek Jasielski (2)";362;
1805092;"Skołyszyn (2)";815;
1805112;"Tarnowiec (2)";625;
1806000;"Powiat kolbuszowski";4135;
1806012;"Cmolas (2)";554;
1806023;"Kolbuszowa (3)";1547;
1806032;"Majdan Królewski (2)";661;
1806042;"Niwiska (2)";445;
1806052;"Raniżów (2)";505;
1806062;"Dzikowiec (2)";423;
1807000;"Powiat krośnieński";7405;
1807012;"Chorkówka (2)";889;
1807023;"Dukla (3)";969;
1807033;"Iwonicz-Zdrój (3)";726;
1807043;"Jedlicze (3)";1014;
1807052;"Korczyna (2)";806;
1807062;"Krościenko Wyżne (2)";372;
1807072;"Miejsce Piastowe (2)";825;
1807083;"Rymanów (3)";1026;
1807092;"Wojaszówka (2)";626;
1807102;"Jaśliska (2)";154;
1808000;"Powiat leżajski";4588;
1808011;"Leżajsk (1)";751;
1808022;"Grodzisko Dolne (2)";505;
1808032;"Kuryłówka (2)";419;
1808042;"Leżajsk (2)";1445;
1808053;"Nowa Sarzyna (3)";1469;
1809000;"Powiat lubaczowski";3373;
1809011;"Lubaczów (1)";686;
1809023;"Cieszanów (3)";372;
1809032;"Horyniec-Zdrój (2)";246;
1809042;"Lubaczów (2)";593;
1809053;"Narol (3)";516;
1809063;"Oleszyce (3)";427;
1809072;"Stary Dzików (2)";280;
1809082;"Wielkie Oczy (2)";254;
1810000;"Powiat łańcucki";5930;
1810011;"Łańcut (1)";1088;
1810022;"Białobrzegi (2)";694;
1810032;"Czarna (2)";912;
1810042;"Łańcut (2)";1695;
1810052;"Markowa (2)";486;
1810062;"Rakszawa (2)";540;
1810072;"Żołynia (2)";514;
1811000;"Powiat mielecki";8859;
1811011;"Mielec (1)";3451;
1811022;"Borowa (2)";377;
1811032;"Czermin (2)";490;
1811042;"Gawłuszowice (2)";191;
1811052;"Mielec (2)";927;
1811062;"Padew Narodowa (2)";360;
1811073;"Przecław (3)";885;
1811083;"Radomyśl Wielki (3)";1085;
1811092;"Tuszów Narodowy (2)";552;
1811102;"Wadowice Górne (2)";542;
1812000;"Powiat niżański";4000;
1812012;"Harasiuki (2)";386;
1812022;"Jarocin (2)";307;
1812032;"Jeżowe (2)";763;
1812042;"Krzeszów (2)";247;
1812053;"Nisko (3)";1266;
1812063;"Rudnik nad Sanem (3)";585;
1812073;"Ulanów (3)";447;
1813000;"Powiat przemyski";4963;
1813012;"Bircza (2)";423;
1813022;"Dubiecko (2)";644;
1813032;"Fredropol (2)";361;
1813042;"Krasiczyn (2)";352;
1813052;"Krzywcza (2)";315;
1813062;"Medyka (2)";406;
1813072;"Orły (2)";623;
1813082;"Przemyśl (2)";733;
1813092;"Stubno (2)";274;
1813102;"Żurawica (2)";831;
1814000;"Powiat przeworski";5368;
1814011;"Przeworsk (1)";958;
1814022;"Adamówka (2)";302;
1814032;"Gać (2)";344;
1814042;"Jawornik Polski (2)";282;
1814053;"Kańczuga (3)";813;
1814062;"Przeworsk (2)";1025;
1814073;"Sieniawa (3)";479;
1814082;"Tryńcza (2)";641;
1814092;"Zarzecze (2)";524;
1815000;"Powiat ropczycko-sędziszowski";5462;
1815012;"Iwierzyce (2)";550;
1815022;"Ostrów (2)";511;
1815033;"Ropczyce (3)";2104;
1815043;"Sędziszów Małopolski (3)";1691;
1815052;"Wielopole Skrzyńskie (2)";606;
1816000;"Powiat rzeszowski";12576;
1816011;"Dynów (1)";392;
1816023;"Błażowa (3)";713;
1816033;"Boguchwała (3)";1542;
1816042;"Chmielnik (2)";519;
1816052;"Dynów (2)";457;
1816063;"Głogów Małopolski (3)";1545;
1816072;"Hyżne (2)";533;
1816082;"Kamień (2)";461;
1816092;"Krasne (2)";947;
1816102;"Lubenia (2)";469;
1816113;"Sokołów Małopolski (3)";1326;
1816122;"Świlcza (2)";1122;
1816132;"Trzebownisko (2)";1712;
1816143;"Tyczyn (3)";838;
1817000;"Powiat sanocki";5770;
1817011;"Sanok (1)";1913;
1817022;"Besko (2)";324;
1817032;"Bukowsko (2)";435;
1817042;"Komańcza (2)";212;
1817052;"Sanok (2)";1296;
1817062;"Tyrawa Wołoska (2)";151;
1817073;"Zagórz (3)";839;
1817082;"Zarszyn (2)";602;
1818000;"Powiat stalowowolski";5965;
1818011;"Stalowa Wola (1)";3147;
1818022;"Bojanów (2)";506;
1818032;"Pysznica (2)";694;
1818042;"Radomyśl nad Sanem (2)";406;
1818053;"Zaklików (3)";495;
1818062;"Zaleszany (2)";717;
1819000;"Powiat strzyżowski";4104;
1819012;"Czudec (2)";828;
1819022;"Frysztak (2)";699;
1819032;"Niebylec (2)";725;
1819043;"Strzyżów (3)";1301;
1819052;"Wiśniowa (2)";551;
1820000;"Powiat tarnobrzeski";3155;
1820013;"Baranów Sandomierski (3)";739;
1820022;"Gorzyce (2)";785;
1820032;"Grębów (2)";680;
1820043;"Nowa Dęba (3)";952;
1821000;"Powiat leski";1578;
1821012;"Baligród (2)";190;
1821022;"Cisna (2)";103;
1821033;"Lesko (3)";658;
1821042;"Olszanica (2)";284;
1821052;"Solina (2)";342;
1861000;"Powiat m.Krosno";2681;
1861011;"Krosno (1)";2681;
1862000;"Powiat m.Przemyśl";3383;
1862011;"Przemyśl (1)";3383;
1863000;"Powiat m.Rzeszów";12136;
1863011;"Rzeszów (1)";12136;
1864000;"Powiat m.Tarnobrzeg";2468;
1864011;"Tarnobrzeg (1)";2468;
2000000;"PODLASKIE";74346;
2001000;"Powiat augustowski";3599;
2001011;"Augustów (1)";1767;
2001022;"Augustów (2)";492;
2001032;"Bargłów Kościelny (2)";377;
2001043;"Lipsk (3)";282;
2001052;"Nowinka (2)";187;
2001062;"Płaska (2)";171;
2001072;"Sztabin (2)";323;
2002000;"Powiat białostocki";9998;
2002013;"Choroszcz (3)";1075;
2002023;"Czarna Białostocka (3)";666;
2002032;"Dobrzyniewo Duże (2)";734;
2002042;"Gródek (2)";283;
2002052;"Juchnowiec Kościelny (2)";1220;
2002063;"Łapy (3)";1263;
2002073;"Michałowo (3)";336;
2002082;"Poświętne (2)";222;
2002093;"Supraśl (3)";1078;
2002103;"Suraż (3)";135;
2002112;"Turośń Kościelna (2)";470;
2002123;"Tykocin (3)";393;
2002133;"Wasilków (3)";1304;
2002143;"Zabłudów (3)";646;
2002152;"Zawady (2)";174;
2003000;"Powiat bielski";3156;
2003011;"Bielsk Podlaski (1)";1456;
2003021;"Brańsk (1)";261;
2003032;"Bielsk Podlaski (2)";364;
2003042;"Boćki (2)";233;
2003052;"Brańsk (2)";361;
2003062;"Orla (2)";113;
2003072;"Rudka (2)";104;
2003082;"Wyszki (2)";266;
2004000;"Powiat grajewski";3200;
2004011;"Grajewo (1)";1418;
2004022;"Grajewo (2)";413;
2004032;"Radziłów (2)";345;
2004043;"Rajgród (3)";346;
2004053;"Szczuczyn (3)";421;
2004062;"Wąsosz (2)";258;
2005000;"Powiat hajnowski";2131;
2005011;"Hajnówka (1)";1137;
2005022;"Białowieża (2)";77;
2005032;"Czeremcha (2)";135;
2005042;"Czyże (2)";89;
2005052;"Dubicze Cerkiewne (2)";58;
2005062;"Hajnówka (2)";210;
2005073;"Kleszczele (3)";106;
2005082;"Narew (2)";175;
2005092;"Narewka (2)";146;
2006000;"Powiat kolneński";2724;
2006011;"Kolno (1)";596;
2006022;"Grabowo (2)";249;
2006032;"Kolno (2)";655;
2006042;"Mały Płock (2)";334;
2006053;"Stawiski (3)";446;
2006062;"Turośl (2)";444;
2007000;"Powiat łomżyński";3649;
2007013;"Jedwabne (3)";373;
2007022;"Łomża (2)";823;
2007032;"Miastkowo (2)";358;
2007043;"Nowogród (3)";261;
2007052;"Piątnica (2)";735;
2007062;"Przytuły (2)";148;
2007072;"Śniadowo (2)";375;
2007082;"Wizna (2)";271;
2007092;"Zbójna (2)";305;
2008000;"Powiat moniecki";2467;
2008013;"Goniądz (3)";286;
2008022;"Jasionówka (2)";173;
2008032;"Jaświły (2)";256;
2008043;"Knyszyn (3)";305;
2008052;"Krypno (2)";243;
2008063;"Mońki (3)";946;
2008072;"Trzcianne (2)";258;
2009000;"Powiat sejneński";1273;
2009011;"Sejny (1)";294;
2009022;"Giby (2)";177;
2009032;"Krasnopol (2)";261;
2009042;"Puńsk (2)";265;
2009052;"Sejny (2)";277;
2010000;"Powiat siemiatycki";2365;
2010011;"Siemiatycze (1)";846;
2010023;"Drohiczyn (3)";313;
2010032;"Dziadkowice (2)";152;
2010042;"Grodzisk (2)";223;
2010052;"Mielnik (2)";109;
2010062;"Milejczyce (2)";76;
2010072;"Nurzec-Stacja (2)";184;
2010082;"Perlejewo (2)";146;
2010092;"Siemiatycze (2)";316;
2011000;"Powiat sokólski";3962;
2011013;"Dąbrowa Białostocka (3)";653;
2011022;"Janów (2)";246;
2011032;"Korycin (2)";206;
2011043;"Krynki (3)";149;
2011052;"Kuźnica (2)";222;
2011062;"Nowy Dwór (2)";150;
2011072;"Sidra (2)";180;
2011083;"Sokółka (3)";1551;
2011093;"Suchowola (3)";448;
2011102;"Szudziałowo (2)";157;
2012000;"Powiat suwalski";2591;
2012012;"Bakałarzewo (2)";227;
2012022;"Filipów (2)";305;
2012032;"Jeleniewo (2)";243;
2012042;"Przerośl (2)";222;
2012052;"Raczki (2)";407;
2012062;"Rutka-Tartak (2)";177;
2012072;"Suwałki (2)";559;
2012082;"Szypliszki (2)";292;
2012092;"Wiżajny (2)";160;
2013000;"Powiat wysokomazowiecki";3857;
2013011;"Wysokie Mazowieckie (1)";637;
2013023;"Ciechanowiec (3)";499;
2013033;"Czyżew (3)";451;
2013042;"Klukowo (2)";294;
2013052;"Kobylin-Borzymy (2)";205;
2013062;"Kulesze Kościelne (2)";215;
2013072;"Nowe Piekuty (2)";259;
2013082;"Sokoły (2)";378;
2013093;"Szepietowo (3)";500;
2013102;"Wysokie Mazowieckie (2)";420;
2014000;"Powiat zambrowski";2920;
2014011;"Zambrów (1)";1375;
2014022;"Kołaki Kościelne (2)";162;
2014032;"Rutki (2)";378;
2014042;"Szumowo (2)";358;
2014052;"Zambrów (2)";647;
2061000;"Powiat m.Białystok";18049;
2061011;"Białystok (1)";18049;
2062000;"Powiat m.Łomża";3874;
2062011;"Łomża (1)";3874;
2063000;"Powiat m.Suwałki";4534;
2063011;"Suwałki (1)";4534;
2200000;"POMORSKIE";155566;
2201000;"Powiat bytowski";5613;
2201012;"Borzytuchom (2)";250;
2201023;"Bytów (3)";1843;
2201032;"Czarna Dąbrówka (2)";481;
2201042;"Kołczygłowy (2)";299;
2201052;"Lipnica (2)";412;
2201063;"Miastko (3)";1161;
2201072;"Parchowo (2)";328;
2201082;"Studzienice (2)";271;
2201092;"Trzebielino (2)";262;
2201102;"Tuchomie (2)";307;
2202000;"Powiat chojnicki";7156;
2202011;"Chojnice (1)";2596;
2202023;"Brusy (3)";1265;
2202032;"Chojnice (2)";1404;
2202043;"Czersk (3)";1704;
2202052;"Konarzyny (2)";187;
2203000;"Powiat człuchowski";3536;
2203011;"Człuchów (1)";764;
2203023;"Czarne (3)";547;
2203032;"Człuchów (2)";814;
2203043;"Debrzno (3)";585;
2203052;"Koczała (2)";195;
2203062;"Przechlewo (2)";425;
2203072;"Rzeczenica (2)";207;
2204000;"Powiat gdański";9292;
2204011;"Pruszcz Gdański (1)";2286;
2204022;"Cedry Wielkie (2)";501;
2204032;"Kolbudy (2)";1418;
2204042;"Pruszcz Gdański (2)";2756;
2204052;"Przywidz (2)";419;
2204062;"Pszczółki (2)";775;
2204072;"Suchy Dąb (2)";315;
2204082;"Trąbki Wielkie (2)";822;
2205000;"Powiat kartuski";13904;
2205012;"Chmielno (2)";765;
2205023;"Kartuzy (3)";3497;
2205032;"Przodkowo (2)";995;
2205042;"Sierakowice (2)";2185;
2205052;"Somonino (2)";1092;
2205062;"Stężyca (2)";1095;
2205072;"Sulęczyno (2)";562;
2205083;"Żukowo (3)";3714;
2206000;"Powiat kościerski";6026;
2206011;"Kościerzyna (1)";1825;
2206022;"Dziemiany (2)";361;
2206032;"Karsin (2)";521;
2206042;"Kościerzyna (2)";1396;
2206052;"Liniewo (2)";351;
2206062;"Lipusz (2)";317;
2206072;"Nowa Karczma (2)";686;
2206082;"Stara Kiszewa (2)";570;
2207000;"Powiat kwidzyński";5525;
2207011;"Kwidzyn (1)";2376;
2207022;"Gardeja (2)";616;
2207032;"Kwidzyn (2)";837;
2207043;"Prabuty (3)";857;
2207052;"Ryjewo (2)";401;
2207062;"Sadlinki (2)";439;
2208000;"Powiat lęborski";4519;
2208011;"Lębork (1)";2181;
2208021;"Łeba (1)";174;
2208032;"Cewice (2)";702;
2208042;"Nowa Wieś Lęborska (2)";1020;
2208052;"Wicko (2)";442;
2209000;"Powiat malborski";3989;
2209011;"Malbork (1)";2273;
2209032;"Lichnowy (2)";323;
2209042;"Malbork (2)";327;
2209062;"Miłoradz (2)";231;
2209073;"Nowy Staw (3)";507;
2209082;"Stare Pole (2)";328;
2210000;"Powiat nowodworski";2260;
2210011;"Krynica Morska (1)";65;
2210023;"Nowy Dwór Gdański (3)";1146;
2210032;"Ostaszewo (2)";213;
2210042;"Stegna (2)";633;
2210052;"Sztutowo (2)";204;
2211000;"Powiat pucki";6581;
2211011;"Hel (1)";167;
2211023;"Jastarnia (3)";228;
2211031;"Puck (1)";771;
2211043;"Władysławowo (3)";1040;
2211052;"Kosakowo (2)";1255;
2211062;"Krokowa (2)";848;
2211072;"Puck (2)";2272;
2212000;"Powiat słupski";6108;
2212011;"Ustka (1)";654;
2212022;"Damnica (2)";374;
2212032;"Dębnica Kaszubska (2)";641;
2212042;"Główczyce (2)";655;
2212053;"Kępice (3)";500;
2212062;"Kobylnica (2)";865;
2212072;"Potęgowo (2)";471;
2212082;"Słupsk (2)";1240;
2212092;"Smołdzino (2)";192;
2212102;"Ustka (2)";517;
2213000;"Powiat starogardzki";9209;
2213013;"Czarna Woda (3)";202;
2213021;"Skórcz (1)";261;
2213031;"Starogard Gdański (1)";3102;
2213042;"Bobowo (2)";237;
2213052;"Kaliska (2)";406;
2213062;"Lubichowo (2)";569;
2213072;"Osieczna (2)";196;
2213082;"Osiek (2)";138;
2213093;"Skarszewy (3)";1096;
2213102;"Skórcz (2)";323;
2213112;"Smętowo Graniczne (2)";332;
2213122;"Starogard Gdański (2)";1331;
2213132;"Zblewo (2)";1017;
2214000;"Powiat tczewski";7770;
2214011;"Tczew (1)";3824;
2214023;"Gniew (3)";1006;
2214032;"Morzeszczyn (2)";235;
2214043;"Pelplin (3)";1082;
2214052;"Subkowy (2)";432;
2214062;"Tczew (2)";1192;
2215000;"Powiat wejherowski";17196;
2215011;"Reda (1)";2001;
2215021;"Rumia (1)";3245;
2215031;"Wejherowo (1)";3459;
2215042;"Choczewo (2)";397;
2215052;"Gniewino (2)";610;
2215062;"Linia (2)";604;
2215072;"Luzino (2)";1571;
2215082;"Łęczyce (2)";1053;
2215092;"Szemud (2)";1805;
2215102;"Wejherowo (2)";2453;
2216000;"Powiat sztumski";2664;
2216013;"Dzierzgoń (3)";601;
2216022;"Mikołajki Pomorskie (2)";278;
2216032;"Stary Dzierzgoń (2)";244;
2216042;"Stary Targ (2)";392;
2216053;"Sztum (3)";1149;
2261000;"Powiat m.Gdańsk";25397;
2261011;"Gdańsk (1)";25397;
2262000;"Powiat m.Gdynia";12706;
2262011;"Gdynia (1)";12706;
2263000;"Powiat m.Słupsk";4788;
2263011;"Słupsk (1)";4788;
2264000;"Powiat m.Sopot";1328;
2264011;"Sopot (1)";1328;
2400000;"ŚLĄSKIE";255281;
2401000;"Powiat będziński";7898;
2401011;"Będzin (1)";3006;
2401021;"Czeladź (1)";1471;
2401031;"Wojkowice (1)";446;
2401042;"Bobrowniki (2)";638;
2401052;"Mierzęcice (2)";442;
2401062;"Psary (2)";673;
2401073;"Siewierz (3)";823;
2401081;"Sławków (1)";400;
2402000;"Powiat bielski";10957;
2402011;"Szczyrk (1)";356;
2402022;"Bestwina (2)";794;
2402032;"Buczkowice (2)";743;
2402043;"Czechowice-Dziedzice (3)";2796;
2402052;"Jasienica (2)";1897;
2402062;"Jaworze (2)";436;
2402072;"Kozy (2)";890;
2402082;"Porąbka (2)";1011;
2402093;"Wilamowice (3)";1302;
2402102;"Wilkowice (2)";732;
2403000;"Powiat cieszyński";11353;
2403011;"Cieszyn (1)";1844;
2403021;"Ustroń (1)";922;
2403031;"Wisła (1)";678;
2403042;"Brenna (2)";801;
2403052;"Chybie (2)";696;
2403062;"Dębowiec (2)";404;
2403072;"Goleszów (2)";793;
2403082;"Hażlach (2)";656;
2403092;"Istebna (2)";1014;
2403103;"Skoczów (3)";1796;
2403113;"Strumień (3)";939;
2403122;"Zebrzydowice (2)";811;
2404000;"Powiat częstochowski";8632;
2404013;"Blachownia (3)";803;
2404022;"Dąbrowa Zielona (2)";219;
2404032;"Janów (2)";383;
2404042;"Kamienica Polska (2)";352;
2404052;"Kłomnice (2)";770;
2404063;"Koniecpol (3)";598;
2404072;"Konopiska (2)";692;
2404082;"Kruszyna (2)";313;
2404092;"Lelów (2)";303;
2404102;"Mstów (2)";704;
2404112;"Mykanów (2)";1104;
2404122;"Olsztyn (2)";563;
2404132;"Poczesna (2)";783;
2404142;"Przyrów (2)";221;
2404152;"Rędziny (2)";640;
2404162;"Starcza (2)";187;
2405000;"Powiat gliwicki";6756;
2405011;"Knurów (1)";2246;
2405021;"Pyskowice (1)";937;
2405032;"Gierałtowice (2)";852;
2405042;"Pilchowice (2)";772;
2405052;"Rudziniec (2)";587;
2405063;"Sośnicowice (3)";554;
2405073;"Toszek (3)";490;
2405082;"Wielowieś (2)";317;
2406000;"Powiat kłobucki";5540;
2406013;"Kłobuck (3)";1286;
2406023;"Krzepice (3)";514;
2406032;"Lipie (2)";413;
2406042;"Miedźno (2)";558;
2406052;"Opatów (2)";453;
2406062;"Panki (2)";331;
2406072;"Popów (2)";397;
2406082;"Przystajń (2)";378;
2406092;"Wręczyca Wielka (2)";1210;
2407000;"Powiat lubliniecki";4771;
2407011;"Lubliniec (1)";1441;
2407022;"Boronów (2)";234;
2407032;"Ciasna (2)";393;
2407042;"Herby (2)";420;
2407052;"Kochanowice (2)";425;
2407062;"Koszęcin (2)";804;
2407072;"Pawonków (2)";417;
2407083;"Woźniki (3)";639;
2408000;"Powiat mikołowski";6497;
2408011;"Łaziska Górne (1)";1364;
2408021;"Mikołów (1)";2508;
2408031;"Orzesze (1)";1537;
2408042;"Ornontowice (2)";445;
2408052;"Wyry (2)";644;
2409000;"Powiat myszkowski";4453;
2409011;"Myszków (1)";1861;
2409023;"Koziegłowy (3)";1018;
2409032;"Niegowa (2)";412;
2409042;"Poraj (2)";581;
2409053;"Żarki (3)";581;
2410000;"Powiat pszczyński";8103;
2410012;"Goczałkowice-Zdrój (2)";442;
2410022;"Kobiór (2)";325;
2410032;"Miedźna (2)";1140;
2410042;"Pawłowice (2)";1286;
2410053;"Pszczyna (3)";3940;
2410062;"Suszec (2)";971;
2411000;"Powiat raciborski";5854;
2411011;"Racibórz (1)";3364;
2411022;"Kornowac (2)";326;
2411033;"Krzanowice (3)";233;
2411042;"Krzyżanowice (2)";490;
2411053;"Kuźnia Raciborska (3)";533;
2411062;"Nędza (2)";361;
2411072;"Pietrowice Wielkie (2)";287;
2411082;"Rudnik (2)";259;
2412000;"Powiat rybnicki";5143;
2412013;"Czerwionka-Leszczyny (3)";2675;
2412022;"Gaszowice (2)";693;
2412032;"Jejkowice (2)";292;
2412042;"Lyski (2)";572;
2412052;"Świerklany (2)";911;
2413000;"Powiat tarnogórski";8188;
2413011;"Kalety (1)";469;
2413021;"Miasteczko Śląskie (1)";439;
2413031;"Radzionków (1)";946;
2413041;"Tarnowskie Góry (1)";3553;
2413052;"Krupski Młyn (2)";183;
2413062;"Ożarowice (2)";371;
2413072;"Świerklaniec (2)";779;
2413082;"Tworóg (2)";470;
2413092;"Zbrosławice (2)";978;
2414000;"Powiat bieruńsko-lędziński";3878;
2414011;"Bieruń (1)";1211;
2414021;"Imielin (1)";624;
2414031;"Lędziny (1)";1087;
2414042;"Bojszowy (2)";575;
2414052;"Chełm Śląski (2)";381;
2415000;"Powiat wodzisławski";9121;
2415011;"Pszów (1)";728;
2415021;"Radlin (1)";1050;
2415031;"Rydułtowy (1)";1283;
2415041;"Wodzisław Śląski (1)";2563;
2415052;"Godów (2)";834;
2415062;"Gorzyce (2)";1286;
2415072;"Lubomia (2)";487;
2415082;"Marklowice (2)";342;
2415092;"Mszana (2)";548;
2416000;"Powiat zawierciański";6593;
2416011;"Poręba (1)";457;
2416021;"Zawiercie (1)";2648;
2416032;"Irządze (2)";165;
2416042;"Kroczyce (2)";419;
2416053;"Łazy (3)";826;
2416063;"Ogrodzieniec (3)";484;
2416073;"Pilica (3)";503;
2416083;"Szczekociny (3)";447;
2416092;"Włodowice (2)";308;
2416102;"Żarnowiec (2)";336;
2417000;"Powiat żywiecki";9960;
2417011;"Żywiec (1)";1807;
2417022;"Czernichów (2)";399;
2417032;"Gilowice (2)";456;
2417042;"Jeleśnia (2)";798;
2417052;"Koszarawa (2)";143;
2417062;"Lipowa (2)";756;
2417072;"Łękawica (2)";300;
2417082;"Łodygowice (2)";1015;
2417092;"Milówka (2)";675;
2417102;"Radziechowy-Wieprz (2)";921;
2417112;"Rajcza (2)";560;
2417122;"Ślemień (2)";225;
2417132;"Świnna (2)";562;
2417142;"Ujsoły (2)";299;
2417152;"Węgierska Górka (2)";1043;
2461000;"Powiat m.Bielsko-Biała";9541;
2461011;"Bielsko-Biała (1)";9541;
2462000;"Powiat m.Bytom";8646;
2462011;"Bytom (1)";8646;
2463000;"Powiat m.Chorzów";6110;
2463011;"Chorzów (1)";6110;
2464000;"Powiat m.Częstochowa";11553;
2464011;"Częstochowa (1)";11553;
2465000;"Powiat m.Dąbrowa Górnicza";5917;
2465011;"Dąbrowa Górnicza (1)";5917;
2466000;"Powiat m.Gliwice";9102;
2466011;"Gliwice (1)";9102;
2467000;"Powiat m.Jastrzębie-Zdrój";4673;
2467011;"Jastrzębie-Zdrój (1)";4673;
2468000;"Powiat m.Jaworzno";4790;
2468011;"Jaworzno (1)";4790;
2469000;"Powiat m.Katowice";13455;
2469011;"Katowice (1)";13455;
2470000;"Powiat m.Mysłowice";4330;
2470011;"Mysłowice (1)";4330;
2471000;"Powiat m.Piekary Śląskie";2870;
2471011;"Piekary Śląskie (1)";2870;
2472000;"Powiat m.Ruda Śląska";7735;
2472011;"Ruda Śląska (1)";7735;
2473000;"Powiat m.Rybnik";8223;
2473011;"Rybnik (1)";8223;
2474000;"Powiat m.Siemianowice Śląskie";3621;
2474011;"Siemianowice Śląskie (1)";3621;
2475000;"Powiat m.Sosnowiec";8974;
2475011;"Sosnowiec (1)";8974;
2476000;"Powiat m.Świętochłowice";2837;
2476011;"Świętochłowice (1)";2837;
2477000;"Powiat m.Tychy";6874;
2477011;"Tychy (1)";6874;
2478000;"Powiat m.Zabrze";8482;
2478011;"Zabrze (1)";8482;
2479000;"Powiat m.Żory";3852;
2479011;"Żory (1)";3852;
2600000;"ŚWIĘTOKRZYSKIE";75036;
2601000;"Powiat buski";4330;
2601013;"Busko-Zdrój (3)";1851;
2601022;"Gnojno (2)";302;
2601033;"Nowy Korczyn (3)";341;
2601043;"Pacanów (3)";436;
2601052;"Solec-Zdrój (2)";330;
2601063;"Stopnica (3)";513;
2601072;"Tuczępy (2)";239;
2601083;"Wiślica (3)";318;
2602000;"Powiat jędrzejowski";5574;
2602012;"Imielno (2)";322;
2602023;"Jędrzejów (3)";1832;
2602033;"Małogoszcz (3)";761;
2602042;"Nagłowice (2)";332;
2602052;"Oksa (2)";312;
2602063;"Sędziszów (3)";749;
2602072;"Słupia (2)";270;
2602082;"Sobków (2)";602;
2602092;"Wodzisław (2)";396;
2603000;"Powiat kazimierski";1848;
2603012;"Bejsce (2)";194;
2603022;"Czarnocin (2)";199;
2603033;"Kazimierza Wielka (3)";906;
2603043;"Opatowiec (3)";152;
2603053;"Skalbmierz (3)";397;
2604000;"Powiat kielecki";15824;
2604012;"Bieliny (2)";868;
2604023;"Bodzentyn (3)";847;
2604033;"Chęciny (3)";994;
2604043;"Chmielnik (3)";962;
2604053;"Daleszyce (3)";1227;
2604062;"Górno (2)";1279;
2604073;"Łagów (3)";520;
2604082;"Łopuszno (2)";658;
2604092;"Masłów (2)";867;
2604102;"Miedziana Góra (2)";838;
2604112;"Mniów (2)";733;
2604123;"Morawica (3)";1379;
2604133;"Nowa Słupia (3)";670;
2604142;"Piekoszów (2)";1183;
2604153;"Pierzchnica (3)";336;
2604162;"Raków (2)";354;
2604172;"Sitkówka-Nowiny (2)";521;
2604182;"Strawczyn (2)";877;
2604192;"Zagnańsk (2)";711;
2605000;"Powiat konecki";4625;
2605012;"Fałków (2)";264;
2605022;"Gowarczów (2)";300;
2605033;"Końskie (3)";1984;
2605043;"Radoszyce (3)";598;
2605052;"Ruda Maleniecka (2)";172;
2605062;"Słupia Konecka (2)";233;
2605072;"Smyków (2)";314;
2605083;"Stąporków (3)";760;
2606000;"Powiat opatowski";3138;
2606012;"Baćkowice (2)";308;
2606022;"Iwaniska (2)";472;
2606032;"Lipnik (2)";324;
2606043;"Opatów (3)";633;
2606053;"Ożarów (3)";658;
2606062;"Sadowie (2)";224;
2606072;"Tarłów (2)";282;
2606082;"Wojciechowice (2)";238;
2607000;"Powiat ostrowiecki";5740;
2607011;"Ostrowiec Świętokrzyski (1)";3421;
2607022;"Bałtów (2)";188;
2607032;"Bodzechów (2)";725;
2607043;"Ćmielów (3)";386;
2607053;"Kunów (3)";582;
2607062;"Waśniów (2)";438;
2608000;"Powiat pińczowski";2256;
2608013;"Działoszyce (3)";274;
2608022;"Kije (2)";279;
2608032;"Michałów (2)";302;
2608043;"Pińczów (3)";1161;
2608052;"Złota (2)";240;
2609000;"Powiat sandomierski";4730;
2609011;"Sandomierz (1)";1204;
2609022;"Dwikozy (2)";565;
2609032;"Klimontów (2)";562;
2609043;"Koprzywnica (3)";410;
2609052;"Łoniów (2)";493;
2609062;"Obrazów (2)";433;
2609072;"Samborzec (2)";570;
2609082;"Wilczyce (2)";221;
2609093;"Zawichost (3)";272;
2610000;"Powiat skarżyski";3904;
2610011;"Skarżysko-Kamienna (1)";2219;
2610022;"Bliżyn (2)";444;
2610032;"Łączna (2)";350;
2610042;"Skarżysko Kościelne (2)";352;
2610053;"Suchedniów (3)";540;
2611000;"Powiat starachowicki";5127;
2611011;"Starachowice (1)";2368;
2611022;"Brody (2)";697;
2611032;"Mirzec (2)";522;
2611042;"Pawłów (2)";1181;
2611053;"Wąchock (3)";360;
2612000;"Powiat staszowski";4582;
2612012;"Bogoria (2)";579;
2612022;"Łubnice (2)";264;
2612033;"Oleśnica (3)";252;
2612043;"Osiek (3)";568;
2612053;"Połaniec (3)";710;
2612062;"Rytwiany (2)";393;
2612073;"Staszów (3)";1514;
2612083;"Szydłów (3)";303;
2613000;"Powiat włoszczowski";2808;
2613012;"Kluczewsko (2)";369;
2613022;"Krasocin (2)";719;
2613032;"Moskorzew (2)";144;
2613042;"Radków (2)";144;
2613052;"Secemin (2)";291;
2613063;"Włoszczowa (3)";1142;
2661000;"Powiat m.Kielce";10550;
2661011;"Kielce (1)";10550;
2800000;"WARMIŃSKO-MAZURSKIE";91157;
2801000;"Powiat bartoszycki";3656;
2801011;"Bartoszyce (1)";1376;
2801021;"Górowo Iławeckie (1)";247;
2801032;"Bartoszyce (2)";740;
2801043;"Bisztynek (3)";406;
2801052;"Górowo Iławeckie (2)";480;
2801063;"Sępopol (3)";407;
2802000;"Powiat braniewski";2526;
2802011;"Braniewo (1)";1052;
2802022;"Braniewo (2)";368;
2802033;"Frombork (3)";189;
2802042;"Lelkowo (2)";163;
2802053;"Pieniężno (3)";380;
2802062;"Płoskinia (2)";162;
2802072;"Wilczęta (2)";212;
2803000;"Powiat działdowski";4559;
2803011;"Działdowo (1)";1330;
2803022;"Działdowo (2)";736;
2803032;"Iłowo-Osada (2)";529;
2803043;"Lidzbark (3)";982;
2803052;"Płośnica (2)";401;
2803062;"Rybno (2)";582;
2804000;"Powiat elbląski";3876;
2804012;"Elbląg (2)";550;
2804022;"Godkowo (2)";187;
2804032;"Gronowo Elbląskie (2)";326;
2804042;"Markusy (2)";318;
2804052;"Milejewo (2)";241;
2804063;"Młynary (3)";298;
2804073;"Pasłęk (3)";1312;
2804082;"Rychliki (2)";266;
2804093;"Tolkmicko (3)";379;
2805000;"Powiat ełcki";5854;
2805011;"Ełk (1)";3963;
2805022;"Ełk (2)";764;
2805032;"Kalinowo (2)";393;
2805042;"Prostki (2)";504;
2805052;"Stare Juchy (2)";230;
2806000;"Powiat giżycki";3625;
2806011;"Giżycko (1)";1748;
2806042;"Giżycko (2)";564;
2806052;"Kruklanki (2)";225;
2806062;"Miłki (2)";264;
2806083;"Ryn (3)";365;
2806102;"Wydminy (2)";459;
2807000;"Powiat iławski";6592;
2807011;"Iława (1)";2019;
2807021;"Lubawa (1)";827;
2807032;"Iława (2)";1025;
2807043;"Kisielice (3)";451;
2807052;"Lubawa (2)";889;
2807063;"Susz (3)";968;
2807073;"Zalewo (3)";414;
2808000;"Powiat kętrzyński";3816;
2808011;"Kętrzyn (1)";1610;
2808022;"Barciany (2)";421;
2808032;"Kętrzyn (2)";600;
2808043;"Korsze (3)";581;
2808053;"Reszel (3)";383;
2808062;"Srokowo (2)";222;
2809000;"Powiat lidzbarski";2590;
2809011;"Lidzbark Warmiński (1)";918;
2809022;"Kiwity (2)";224;
2809032;"Lidzbark Warmiński (2)";447;
2809042;"Lubomino (2)";246;
2809053;"Orneta (3)";757;
2810000;"Powiat mrągowski";3152;
2810011;"Mrągowo (1)";1283;
2810023;"Mikołajki (3)";505;
2810032;"Mrągowo (2)";537;
2810042;"Piecki (2)";510;
2810052;"Sorkwity (2)";317;
2811000;"Powiat nidzicki";2174;
2811012;"Janowiec Kościelny (2)";245;
2811022;"Janowo (2)";189;
2811032;"Kozłowo (2)";409;
2811043;"Nidzica (3)";1331;
2812000;"Powiat nowomiejski";3418;
2812011;"Nowe Miasto Lubawskie (1)";743;
2812022;"Biskupiec (2)";704;
2812032;"Grodziczno (2)";531;
2812042;"Kurzętnik (2)";765;
2812052;"Nowe Miasto Lubawskie (2)";675;
2813000;"Powiat olecki";2333;
2813032;"Kowale Oleckie (2)";327;
2813043;"Olecko (3)";1548;
2813052;"Świętajno (2)";231;
2813062;"Wieliczki (2)";229;
2814000;"Powiat olsztyński";8561;
2814013;"Barczewo (3)";1265;
2814023;"Biskupiec (3)";1215;
2814033;"Dobre Miasto (3)";965;
2814042;"Dywity (2)";847;
2814052;"Gietrzwałd (2)";451;
2814063;"Jeziorany (3)";445;
2814072;"Jonkowo (2)";557;
2814082;"Kolno (2)";171;
2814093;"Olsztynek (3)";882;
2814102;"Purda (2)";594;
2814112;"Stawiguda (2)";878;
2814122;"Świątki (2)";293;
2815000;"Powiat ostródzki";6949;
2815011;"Ostróda (1)";1934;
2815022;"Dąbrówno (2)";291;
2815032;"Grunwald (2)";451;
2815042;"Łukta (2)";337;
2815052;"Małdyty (2)";359;
2815063;"Miłakowo (3)";367;
2815073;"Miłomłyn (3)";339;
2815083;"Morąg (3)";1758;
2815092;"Ostróda (2)";1112;
2816000;"Powiat piski";3631;
2816013;"Biała Piska (3)";786;
2816023;"Orzysz (3)";615;
2816033;"Pisz (3)";1823;
2816043;"Ruciane-Nida (3)";408;
2817000;"Powiat szczycieński";4878;
2817011;"Szczytno (1)";1371;
2817022;"Dźwierzuty (2)";440;
2817032;"Jedwabno (2)";257;
2817043;"Pasym (3)";360;
2817052;"Rozogi (2)";430;
2817062;"Szczytno (2)";1047;
2817072;"Świętajno (2)";422;
2817083;"Wielbark (3)";552;
2818000;"Powiat gołdapski";1803;
2818012;"Banie Mazurskie (2)";208;
2818022;"Dubeninki (2)";175;
2818033;"Gołdap (3)";1420;
2819000;"Powiat węgorzewski";1362;
2819012;"Budry (2)";185;
2819022;"Pozezdrze (2)";199;
2819033;"Węgorzewo (3)";979;
2861000;"Powiat m.Elbląg";6319;
2861011;"Elbląg (1)";6319;
2862000;"Powiat m.Olsztyn";9483;
2862011;"Olsztyn (1)";9483;
3000000;"WIELKOPOLSKIE";240663;
3001000;"Powiat chodzieski";3150;
3001011;"Chodzież (1)";1050;
3001022;"Budzyń (2)";609;
3001032;"Chodzież (2)";436;
3001043;"Margonin (3)";514;
3001053;"Szamocin (3)";542;
3002000;"Powiat czarnkowsko-trzcianecki";6004;
3002011;"Czarnków (1)";640;
3002022;"Czarnków (2)";848;
3002032;"Drawsko (2)";431;
3002043;"Krzyż Wielkopolski (3)";524;
3002052;"Lubasz (2)";600;
3002062;"Połajewo (2)";503;
3002073;"Trzcianka (3)";1626;
3002083;"Wieleń (3)";834;
3003000;"Powiat gnieźnieński";10561;
3003011;"Gniezno (1)";4436;
3003023;"Czerniejewo (3)";583;
3003032;"Gniezno (2)";1165;
3003042;"Kiszkowo (2)";420;
3003053;"Kłecko (3)";556;
3003062;"Łubowo (2)";570;
3003072;"Mieleszyn (2)";310;
3003082;"Niechanowo (2)";489;
3003093;"Trzemeszno (3)";1050;
3003103;"Witkowo (3)";984;
3004000;"Powiat gostyński";5480;
3004013;"Borek Wielkopolski (3)";533;
3004023;"Gostyń (3)";1929;
3004033;"Krobia (3)";953;
3004042;"Pępowo (2)";474;
3004052;"Piaski (2)";618;
3004063;"Pogorzela (3)";389;
3004073;"Poniec (3)";585;
3005000;"Powiat grodziski";4214;
3005012;"Granowo (2)";434;
3005023;"Grodzisk Wielkopolski (3)";1508;
3005032;"Kamieniec (2)";525;
3005043;"Rakoniewice (3)";1178;
3005053;"Wielichowo (3)";570;
3006000;"Powiat jarociński";5214;
3006013;"Jaraczewo (3)";624;
3006023;"Jarocin (3)";3229;
3006032;"Kotlin (2)";593;
3006043;"Żerków (3)";768;
3007000;"Powiat kaliski";6387;
3007012;"Blizanów (2)";730;
3007022;"Brzeziny (2)";511;
3007032;"Ceków-Kolonia (2)";356;
3007042;"Godziesze Wielkie (2)";806;
3007052;"Koźminek (2)";610;
3007062;"Lisków (2)";384;
3007072;"Mycielin (2)";355;
3007083;"Opatówek (3)";762;
3007093;"Stawiszyn (3)";502;
3007102;"Szczytniki (2)";643;
3007112;"Żelazków (2)";729;
3008000;"Powiat kępiński";4321;
3008012;"Baranów (2)";685;
3008022;"Bralin (2)";511;
3008033;"Kępno (3)";1818;
3008042;"Łęka Opatowska (2)";421;
3008052;"Perzów (2)";255;
3008062;"Rychtal (2)";256;
3008072;"Trzcinica (2)";374;
3009000;"Powiat kolski";5655;
3009011;"Koło (1)";1229;
3009022;"Babiak (2)";520;
3009032;"Chodów (2)";173;
3009043;"Dąbie (3)";407;
3009052;"Grzegorzew (2)";405;
3009063;"Kłodawa (3)";795;
3009072;"Koło (2)";573;
3009082;"Kościelec (2)";495;
3009092;"Olszówka (2)";283;
3009102;"Osiek Mały (2)";439;
3009113;"Przedecz (3)";337;
3010000;"Powiat koniński";9376;
3010013;"Golina (3)";844;
3010022;"Grodziec (2)";403;
3010032;"Kazimierz Biskupi (2)";762;
3010043;"Kleczew (3)";648;
3010052;"Kramsk (2)";848;
3010062;"Krzymów (2)";585;
3010073;"Rychwał (3)";605;
3010082;"Rzgów (2)";528;
3010092;"Skulsk (2)";486;
3010103;"Sompolno (3)";771;
3010112;"Stare Miasto (2)";917;
3010123;"Ślesin (3)";932;
3010132;"Wierzbinek (2)";569;
3010142;"Wilczyn (2)";480;
3011000;"Powiat kościański";5680;
3011011;"Kościan (1)";1522;
3011023;"Czempiń (3)";845;
3011032;"Kościan (2)";1152;
3011043;"Krzywiń (3)";742;
3011053;"Śmigiel (3)";1418;
3012000;"Powiat krotoszyński";5476;
3012011;"Sulmierzyce (1)";216;
3012023;"Kobylin (3)";594;
3012033;"Koźmin Wielkopolski (3)";995;
3012043;"Krotoszyn (3)";2671;
3012052;"Rozdrażew (2)";411;
3012063;"Zduny (3)";589;
3013000;"Powiat leszczyński";4502;
3013012;"Krzemieniewo (2)";598;
3013022;"Lipno (2)";734;
3013033;"Osieczna (3)";673;
3013043;"Rydzyna (3)";731;
3013052;"Święciechowa (2)";619;
3013062;"Wijewo (2)";364;
3013072;"Włoszakowice (2)";783;
3014000;"Powiat międzychodzki";2537;
3014012;"Chrzypsko Wielkie (2)";252;
3014022;"Kwilcz (2)";484;
3014033;"Międzychód (3)";1182;
3014043;"Sieraków (3)";620;
3015000;"Powiat nowotomyski";5490;
3015012;"Kuślin (2)";427;
3015023;"Lwówek (3)";670;
3015032;"Miedzichowo (2)";248;
3015043;"Nowy Tomyśl (3)";2041;
3015053;"Opalenica (3)";1191;
3015063;"Zbąszyń (3)";914;
3016000;"Powiat obornicki";4516;
3016013;"Oborniki (3)";2579;
3016023;"Rogoźno (3)";1380;
3016032;"Ryczywół (2)";557;
3017000;"Powiat ostrowski";10859;
3017011;"Ostrów Wielkopolski (1)";4259;
3017023;"Nowe Skalmierzyce (3)";1104;
3017033;"Odolanów (3)";1177;
3017042;"Ostrów Wielkopolski (2)";1360;
3017052;"Przygodzice (2)";869;
3017063;"Raszków (3)";924;
3017072;"Sieroszewice (2)";682;
3017082;"Sośnie (2)";485;
3018000;"Powiat ostrzeszowski";3855;
3018012;"Czajków (2)";199;
3018022;"Doruchów (2)";405;
3018033;"Grabów nad Prosną (3)";524;
3018042;"Kobyla Góra (2)";501;
3018052;"Kraszewice (2)";283;
3018063;"Mikstat (3)";429;
3018073;"Ostrzeszów (3)";1516;
3019000;"Powiat pilski";8503;
3019011;"Piła (1)";4208;
3019022;"Białośliwie (2)";358;
3019032;"Kaczory (2)";532;
3019043;"Łobżenica (3)";634;
3019052;"Miasteczko Krajeńskie (2)";231;
3019062;"Szydłowo (2)";650;
3019073;"Ujście (3)";471;
3019083;"Wyrzysk (3)";957;
3019093;"Wysoka (3)";464;
3020000;"Powiat pleszewski";4859;
3020013;"Chocz (3)";356;
3020022;"Czermin (2)";432;
3020033;"Dobrzyca (3)";621;
3020042;"Gizałki (2)";426;
3020052;"Gołuchów (2)";837;
3020063;"Pleszew (3)";2187;
3021000;"Powiat poznański";31887;
3021011;"Luboń (1)";2379;
3021021;"Puszczykowo (1)";595;
3021033;"Buk (3)";920;
3021042;"Czerwonak (2)";1898;
3021052;"Dopiewo (2)";2642;
3021062;"Kleszczewo (2)";815;
3021072;"Komorniki (2)";2889;
3021083;"Kostrzyn (3)";1370;
3021093;"Kórnik (3)";2526;
3021103;"Mosina (3)";2554;
3021113;"Murowana Goślina (3)";1196;
3021123;"Pobiedziska (3)";1472;
3021132;"Rokietnica (2)";1664;
3021143;"Stęszew (3)";1141;
3021152;"Suchy Las (2)";1495;
3021163;"Swarzędz (3)";4005;
3021172;"Tarnowo Podgórne (2)";2327;
3022000;"Powiat rawicki";4420;
3022013;"Bojanowo (3)";599;
3022023;"Jutrosin (3)";595;
3022033;"Miejska Górka (3)";706;
3022042;"Pakosław (2)";417;
3022053;"Rawicz (3)";2104;
3023000;"Powiat słupecki";4006;
3023011;"Słupca (1)";844;
3023022;"Lądek (2)";403;
3023032;"Orchowo (2)";252;
3023042;"Ostrowite (2)";326;
3023052;"Powidz (2)";154;
3023062;"Słupca (2)";663;
3023072;"Strzałkowo (2)";731;
3023083;"Zagórów (3)";634;
3024000;"Powiat szamotulski";6473;
3024011;"Obrzycko (1)";179;
3024022;"Duszniki (2)";708;
3024032;"Kaźmierz (2)";659;
3024042;"Obrzycko (2)";312;
3024053;"Ostroróg (3)";324;
3024063;"Pniewy (3)";933;
3024073;"Szamotuły (3)";2116;
3024083;"Wronki (3)";1243;
3025000;"Powiat średzki";4413;
3025012;"Dominowo (2)";236;
3025022;"Krzykosy (2)";566;
3025032;"Nowe Miasto nad Wartą (2)";701;
3025043;"Środa Wielkopolska (3)";2385;
3025052;"Zaniemyśl (2)";525;
3026000;"Powiat śremski";4619;
3026012;"Brodnica (2)";374;
3026023;"Dolsk (3)";477;
3026033;"Książ Wielkopolski (3)";675;
3026043;"Śrem (3)";3093;
3027000;"Powiat turecki";5847;
3027011;"Turek (1)";1478;
3027022;"Brudzew (2)";478;
3027033;"Dobra (3)";429;
3027042;"Kawęczyn (2)";376;
3027052;"Malanów (2)";492;
3027062;"Przykona (2)";351;
3027073;"Tuliszków (3)";785;
3027082;"Turek (2)";812;
3027092;"Władysławów (2)";646;
3028000;"Powiat wągrowiecki";5064;
3028011;"Wągrowiec (1)";1644;
3028022;"Damasławek (2)";414;
3028033;"Gołańcz (3)";649;
3028042;"Mieścisko (2)";431;
3028053;"Skoki (3)";752;
3028062;"Wapno (2)";191;
3028072;"Wągrowiec (2)";983;
3029000;"Powiat wolsztyński";4455;
3029012;"Przemęt (2)";1217;
3029022;"Siedlec (2)";989;
3029033;"Wolsztyn (3)";2249;
3030000;"Powiat wrzesiński";5442;
3030012;"Kołaczkowo (2)";439;
3030023;"Miłosław (3)";700;
3030033;"Nekla (3)";568;
3030043;"Pyzdry (3)";522;
3030053;"Września (3)";3213;
3031000;"Powiat złotowski";4463;
3031011;"Złotów (1)";1166;
3031023;"Jastrowie (3)";724;
3031033;"Krajenka (3)";530;
3031042;"Lipka (2)";372;
3031053;"Okonek (3)";508;
3031062;"Tarnówka (2)";206;
3031072;"Zakrzewo (2)";284;
3031082;"Złotów (2)";673;
3061000;"Powiat m.Kalisz";5607;
3061011;"Kalisz (1)";5607;
3062000;"Powiat m.Konin";4016;
3062011;"Konin (1)";4016;
3063000;"Powiat m.Leszno";3915;
3063011;"Leszno (1)";3915;
3064000;"Powiat m.Poznań";29399;
3064011;"Poznań (1)";29399;
3200000;"ZACHODNIOPOMORSKIE";92446;
3201000;"Powiat białogardzki";2895;
3201011;"Białogard (1)";1421;
3201022;"Białogard (2)";465;
3201033;"Karlino (3)";600;
3201043;"Tychowo (3)";409;
3202000;"Powiat choszczeński";2780;
3202012;"Bierzwnik (2)";311;
3202023;"Choszczno (3)";1225;
3202033;"Drawno (3)";247;
3202042;"Krzęcin (2)";185;
3202053;"Pełczyce (3)";483;
3202063;"Recz (3)";330;
3203000;"Powiat drawski";3449;
3203013;"Czaplinek (3)";732;
3203023;"Drawsko Pomorskie (3)";1010;
3203033;"Kalisz Pomorski (3)";451;
3203052;"Wierzchowo (2)";247;
3203063;"Złocieniec (3)";1010;
3204000;"Powiat goleniowski";4938;
3204023;"Goleniów (3)";2199;
3204033;"Maszewo (3)";600;
3204043;"Nowogard (3)";1400;
3204052;"Osina (2)";175;
3204062;"Przybiernów (2)";296;
3204073;"Stepnica (3)";269;
3205000;"Powiat gryficki";3576;
3205012;"Brojce (2)";276;
3205023;"Gryfice (3)";1472;
3205032;"Karnice (2)";217;
3205043;"Płoty (3)";528;
3205072;"Rewal (2)";199;
3205083;"Trzebiatów (3)";883;
3206000;"Powiat gryfiński";4269;
3206012;"Banie (2)";343;
3206023;"Cedynia (3)";222;
3206033;"Chojna (3)";714;
3206043;"Gryfino (3)";1617;
3206053;"Mieszkowice (3)";379;
3206063;"Moryń (3)";232;
3206072;"Stare Czarnowo (2)";231;
3206083;"Trzcińsko-Zdrój (3)";262;
3206092;"Widuchowa (2)";271;
3207000;"Powiat kamieński";2482;
3207013;"Dziwnów (3)";174;
3207023;"Golczewo (3)";334;
3207033;"Kamień Pomorski (3)";709;
3207043;"Międzyzdroje (3)";269;
3207052;"Świerzno (2)";274;
3207063;"Wolin (3)";723;
3208000;"Powiat kołobrzeski";4157;
3208011;"Kołobrzeg (1)";2115;
3208022;"Dygowo (2)";318;
3208033;"Gościno (3)";369;
3208042;"Kołobrzeg (2)";658;
3208052;"Rymań (2)";227;
3208062;"Siemyśl (2)";259;
3208072;"Ustronie Morskie (2)";212;
3209000;"Powiat koszaliński";3984;
3209012;"Będzino (2)";512;
3209022;"Biesiekierz (2)";431;
3209033;"Bobolice (3)";521;
3209042;"Manowo (2)";444;
3209053;"Mielno (3)";260;
3209063;"Polanów (3)";528;
3209073;"Sianów (3)";838;
3209082;"Świeszyno (2)";450;
3210000;"Powiat myśliborski";3766;
3210013;"Barlinek (3)";1126;
3210022;"Boleszkowice (2)";168;
3210033;"Dębno (3)";1186;
3210043;"Myślibórz (3)";1028;
3210052;"Nowogródek Pomorski (2)";258;
3211000;"Powiat policki";4767;
3211012;"Dobra (Szczecińska) (2)";1724;
3211022;"Kołbaskowo (2)";856;
3211033;"Nowe Warpno (3)";52;
3211043;"Police (3)";2135;
3212000;"Powiat pyrzycki";2173;
3212012;"Bielice (2)";180;
3212022;"Kozielice (2)";141;
3212033;"Lipiany (3)";316;
3212042;"Przelewice (2)";333;
3212053;"Pyrzyce (3)";1017;
3212062;"Warnice (2)";186;
3213000;"Powiat sławieński";3365;
3213011;"Darłowo (1)";691;
3213021;"Sławno (1)";765;
3213032;"Darłowo (2)";487;
3213042;"Malechowo (2)";374;
3213052;"Postomino (2)";474;
3213062;"Sławno (2)";576;
3214000;"Powiat stargardzki";6860;
3214011;"Stargard (1)";3665;
3214023;"Chociwel (3)";336;
3214033;"Dobrzany (3)";243;
3214042;"Dolice (2)";466;
3214053;"Ińsko (3)";168;
3214062;"Kobylanka (2)";354;
3214082;"Marianowo (2)";229;
3214092;"Stara Dąbrowa (2)";263;
3214102;"Stargard (2)";898;
3214113;"Suchań (3)";239;
3215000;"Powiat szczecinecki";4334;
3215011;"Szczecinek (1)";2077;
3215023;"Barwice (3)";517;
3215033;"Biały Bór (3)";382;
3215043;"Borne Sulinowo (3)";509;
3215052;"Grzmiąca (2)";266;
3215062;"Szczecinek (2)";585;
3216000;"Powiat świdwiński";2768;
3216011;"Świdwin (1)";953;
3216022;"Brzeżno (2)";171;
3216033;"Połczyn-Zdrój (3)";813;
3216042;"Rąbino (2)";205;
3216052;"Sławoborze (2)";256;
3216062;"Świdwin (2)";370;
3217000;"Powiat wałecki";3144;
3217011;"Wałcz (1)";1327;
3217023;"Człopa (3)";326;
3217033;"Mirosławiec (3)";361;
3217043;"Tuczno (3)";295;
3217052;"Wałcz (2)";835;
3218000;"Powiat łobeski";2042;
3218013;"Dobra (3)";218;
3218023;"Łobez (3)";797;
3218032;"Radowo Małe (2)";185;
3218043;"Resko (3)";443;
3218053;"Węgorzyno (3)";400;
3261000;"Powiat m.Koszalin";5562;
3261011;"Koszalin (1)";5562;
3262000;"Powiat m.Szczecin";19683;
3262011;"Szczecin (1)";19683;
3263000;"Powiat m.Świnoujście";1454;
3263011;"Świnoujście (1)";1454;
